Process,Species,Covariate,Mean,SD,2.5CI,50CI,97.5CI,Rhat,ESS,5.0CI,95.0CI
Occupancy,Acadian Flycatcher,Intercept,0.2297,0.2143,-0.1832,0.2353,0.6416,1.0017,1281,-0.1303,0.5718
Occupancy,Alder Flycatcher,Intercept,-4.4816,1.295,-6.8583,-4.4924,-1.656,1.0002,713,-6.4581,-2.2765
Occupancy,American Crow,Intercept,-0.0645,0.3302,-0.6164,-0.0881,0.6609,1.005,1200,-0.5436,0.5147
Occupancy,American Goldfinch,Intercept,2.5165,0.7091,1.5753,2.3929,4.3574,1.0212,1200,1.6719,3.8335
Occupancy,American Kestrel,Intercept,-4.284,1.2914,-6.6265,-4.3283,-1.6509,1.0083,652,-6.3094,-2.1924
Occupancy,American Redstart,Intercept,-2.4472,0.5026,-3.4193,-2.4707,-1.4215,1.0102,1200,-3.2236,-1.5984
Occupancy,American Robin,Intercept,2.3778,0.3732,1.7549,2.3393,3.1894,1.0062,1200,1.8312,3.0218
Occupancy,American Woodcock,Intercept,-4.1359,0.8826,-5.9427,-4.13,-2.4795,1.0001,1200,-5.5822,-2.7501
Occupancy,Barred Owl,Intercept,-3.074,1.2414,-5.1637,-3.1816,-0.1707,1.0177,428,-4.8589,-0.8537
Occupancy,Bald Eagle,Intercept,-3.5306,1.1448,-5.4834,-3.5985,-1.1394,1.0148,595,-5.1777,-1.6299
Occupancy,Bank Swallow,Intercept,-4.1122,1.1491,-6.4061,-4.1142,-1.7295,1.024,897,-5.994,-2.1445
Occupancy,Baltimore Oriole,Intercept,-0.1751,0.3371,-0.7924,-0.1998,0.5884,1.0049,1200,-0.6884,0.4121
Occupancy,Barn Swallow,Intercept,-1.9122,0.6445,-3.0087,-1.9868,-0.4837,1.0015,968,-2.848,-0.7844
Occupancy,Black-capped Chickadee,Intercept,2.992,0.7631,1.9049,2.8535,4.9748,1.0042,999,2.0423,4.3866
Occupancy,Belted Kingfisher,Intercept,-0.8194,0.8081,-2.0547,-0.9259,1.2101,1.0063,602,-1.8918,0.6135
Occupancy,Blue-gray Gnatcatcher,Intercept,1.2538,0.4312,0.5629,1.189,2.2586,1.0009,1211,0.6683,2.0474
Occupancy,Brown-headed Cowbird,Intercept,1.9363,0.4211,1.2157,1.9007,2.8856,1.0066,1323,1.3066,2.6814
Occupancy,Blue-headed Vireo,Intercept,-4.1715,1.349,-6.6882,-4.273,-1.1372,1.0043,471,-6.32,-1.8231
Occupancy,Blue Jay,Intercept,2.1421,0.3752,1.5187,2.1063,2.9501,1.0044,1200,1.606,2.7921
Occupancy,Bobolink,Intercept,-5.7114,1.6105,-9.0754,-5.6465,-2.769,1.0037,638,-8.533,-3.2523
Occupancy,Brown Creeper,Intercept,-2.1501,0.4706,-3.0129,-2.1864,-1.1536,1.0007,1200,-2.8772,-1.3129
Occupancy,Brown Thrasher,Intercept,-3.3353,0.9617,-5.2753,-3.3475,-1.4023,1.0014,1002,-4.9301,-1.733
Occupancy,Black-throated Green Warbler,Intercept,-5.5574,1.4512,-8.6871,-5.4344,-2.8951,1.0191,728,-8.0476,-3.3471
Occupancy,Broad-winged Hawk,Intercept,-3.577,1.1345,-5.5178,-3.659,-1.0743,1.0142,491,-5.2349,-1.5991
Occupancy,Blue-winged Warbler,Intercept,-2.9626,0.7084,-4.2226,-2.9842,-1.5067,1.0104,1027,-4.0576,-1.7937
Occupancy,Canada Goose,Intercept,-0.5907,1.4641,-2.5149,-0.9223,3.2726,1.1692,208,-2.2898,2.4078
Occupancy,Carolina Wren,Intercept,0.1616,0.464,-0.5146,0.1111,1.0481,1.0437,902,-0.4539,0.8793
Occupancy,Cedar Waxwing,Intercept,0.0022,0.3708,-0.6218,-0.0405,0.8385,1.01,1200,-0.5304,0.696
Occupancy,Cerulean Warbler,Intercept,-5.6607,1.4643,-8.6291,-5.5875,-2.8659,1.0051,776,-8.1771,-3.342
Occupancy,Chipping Sparrow,Intercept,-0.8488,0.4134,-1.5009,-0.8872,0.0512,1.0106,1090,-1.4144,-0.1258
Occupancy,Chimney Swift,Intercept,1.152,0.7526,0.1916,0.9782,3.1167,1.0135,867,0.2665,2.5469
Occupancy,Cliff Swallow,Intercept,-4.1624,1.3446,-6.7508,-4.1988,-1.1803,1.0214,508,-6.2928,-1.8946
Occupancy,Common Grackle,Intercept,0.4992,0.5483,-0.3755,0.4178,1.7515,1.0031,1069,-0.2622,1.5048
Occupancy,Cooper's Hawk,Intercept,-2.3684,0.6207,-3.4126,-2.422,-0.9908,1.0019,951,-3.2618,-1.2761
Occupancy,Common Yellowthroat,Intercept,-1.0565,0.2325,-1.5287,-1.0539,-0.6225,1.0021,1200,-1.4423,-0.6794
Occupancy,Dark-eyed Junco,Intercept,-1.9554,0.4391,-2.748,-1.9692,-1.018,1.005,1200,-2.6229,-1.2164
Occupancy,Downy Woodpecker,Intercept,2.389,0.6652,1.4609,2.2749,3.9385,1.0008,1056,1.5586,3.6321
Occupancy,Eastern Bluebird,Intercept,-0.6399,0.677,-1.5638,-0.7498,0.9477,1.0073,662,-1.4284,0.4368
Occupancy,Eastern Kingbird,Intercept,-3.2049,0.5416,-4.2768,-3.1849,-2.1523,1.0125,1109,-4.1067,-2.3462
Occupancy,Eastern Meadowlark,Intercept,-4.2128,0.876,-5.9794,-4.1731,-2.5391,1.0009,1200,-5.7352,-2.8456
Occupancy,Eastern Phoebe,Intercept,-1.2194,0.5808,-2.0045,-1.2915,0.0363,1.0362,727,-1.9241,-0.3093
Occupancy,Eastern Towhee,Intercept,-1.3238,0.2953,-1.9179,-1.3181,-0.7412,0.9996,1200,-1.8354,-0.8307
Occupancy,Eastern Wood-Pewee,Intercept,2.5964,0.4304,1.858,2.5529,3.532,1.0114,1200,1.9791,3.3619
Occupancy,European Starling,Intercept,-2.0068,0.3766,-2.7539,-1.9966,-1.2988,1.0025,1200,-2.6514,-1.3987
Occupancy,Field Sparrow,Intercept,-3.0509,0.398,-3.8176,-3.0528,-2.3208,1.0081,1200,-3.7044,-2.4348
Occupancy,Great Blue Heron,Intercept,-1.9654,0.9715,-3.3548,-2.142,0.1905,1.0257,422,-3.154,-0.3457
Occupancy,Great Crested Flycatcher,Intercept,1.9156,1.0336,0.6052,1.6745,4.5502,0.9999,595,0.7082,4.0611
Occupancy,Great Horned Owl,Intercept,-4.2075,1.237,-6.5072,-4.2314,-1.821,1.0051,708,-6.2066,-2.1802
Occupancy,Gray Catbird,Intercept,0.093,0.2168,-0.3105,0.0919,0.5387,1.0006,1200,-0.2518,0.4664
Occupancy,Green Heron,Intercept,-4.356,1.2541,-6.7814,-4.3841,-1.7533,1.0226,588,-6.3757,-2.3056
Occupancy,Hairy Woodpecker,Intercept,1.313,1.1321,-0.1352,1.0688,4.3463,1.0345,464,0.0136,3.577
Occupancy,Herring Gull,Intercept,-4.8601,0.9603,-6.9573,-4.7559,-3.0878,1.0053,1032,-6.5342,-3.4052
Occupancy,Hermit Thrush,Intercept,-4.6385,0.7313,-6.2533,-4.5669,-3.3681,1.0048,1200,-5.9511,-3.5471
Occupancy,House Finch,Intercept,-0.5634,0.7817,-1.6409,-0.6811,1.2823,1.0092,653,-1.5129,0.7931
Occupancy,House Sparrow,Intercept,-1.7296,0.2925,-2.3109,-1.7353,-1.1729,1.0007,1528,-2.1987,-1.2558
Occupancy,Hooded Warbler,Intercept,-0.8806,0.2153,-1.3105,-0.8838,-0.4482,1.0066,1031,-1.2466,-0.5196
Occupancy,House Wren,Intercept,-0.1444,0.1825,-0.5008,-0.1459,0.2126,1.0032,1437,-0.4355,0.1565
Occupancy,Indigo Bunting,Intercept,-0.1168,0.1957,-0.5116,-0.1225,0.2612,1.003,1200,-0.4341,0.2025
Occupancy,Killdeer,Intercept,-2.7942,0.593,-3.931,-2.7985,-1.4876,1.0052,1200,-3.6727,-1.7715
Occupancy,Louisiana Waterthrush,Intercept,-2.2586,0.4814,-3.1417,-2.2918,-1.2541,1.0082,1037,-3.0024,-1.4182
Occupancy,Mallard,Intercept,-2.3743,0.8614,-3.8117,-2.4717,-0.4307,1.0048,545,-3.6206,-0.7967
Occupancy,Mourning Dove,Intercept,-1.0594,0.5256,-2.0098,-1.1219,0.1043,1.0029,1200,-1.8572,-0.1574
Occupancy,Northern Cardinal,Intercept,2.6055,0.41,1.9092,2.563,3.4913,1.0278,1200,2.0114,3.321
Occupancy,Northern Flicker,Intercept,0.6853,0.8779,-0.4903,0.4987,2.8507,1.002,569,-0.3514,2.3081
Occupancy,Northern Parula,Intercept,-4.2474,1.3745,-6.8125,-4.2507,-1.2065,1.0173,356,-6.3718,-2.0348
Occupancy,Northern Rough-winged Swallow,Intercept,-2.0337,0.7011,-3.2348,-2.0918,-0.4704,1.0094,940,-3.0483,-0.8046
Occupancy,Orchard Oriole,Intercept,-2.3477,0.504,-3.3563,-2.3478,-1.3769,1.0059,1200,-3.2133,-1.5433
Occupancy,Ovenbird,Intercept,-2.6695,0.382,-3.4237,-2.669,-1.9371,1.0004,1200,-3.2866,-2.0814
Occupancy,Pileated Woodpecker,Intercept,1.2272,1.1982,-0.2556,0.9303,4.4077,1.0026,426,-0.1243,3.6872
Occupancy,Purple Finch,Intercept,-4.4751,1.3031,-7.1066,-4.483,-1.7125,1.0144,553,-6.6236,-2.2997
Occupancy,Purple Martin,Intercept,-5.6558,1.524,-8.8191,-5.5916,-2.8914,1.0043,809,-8.2799,-3.3453
Occupancy,Rose-breasted Grosbeak,Intercept,-0.1011,0.5686,-0.9572,-0.18,1.3967,1.003,816,-0.8669,0.9704
Occupancy,Ring-billed Gull,Intercept,-2.5607,0.5277,-3.5072,-2.5747,-1.3712,1.0182,1250,-3.3647,-1.7033
Occupancy,Red-breasted Nuthatch,Intercept,-4.2759,1.1884,-6.5969,-4.2971,-1.7564,1.0007,698,-6.1759,-2.2934
Occupancy,Red-bellied Woodpecker,Intercept,2.9586,0.6263,1.9957,2.866,4.5118,1.002,1380,2.0927,4.0896
Occupancy,Red-eyed Vireo,Intercept,2.8038,0.3853,2.0872,2.7869,3.5956,1.0069,1200,2.2137,3.4784
Occupancy,Red-headed Woodpecker,Intercept,-2.5885,0.8379,-4.0074,-2.6654,-0.7849,1.0078,834,-3.7849,-1.2156
Occupancy,Rock Pigeon,Intercept,-3.4159,1.2995,-5.3422,-3.572,-0.5854,1.0513,283,-5.0907,-1.304
Occupancy,Red-shouldered Hawk,Intercept,0.1391,1.5238,-1.8912,-0.1201,3.9311,1.0278,313,-1.7416,3.0819
Occupancy,Red-tailed Hawk,Intercept,-0.9822,1.1309,-2.5263,-1.227,1.9575,1.0211,277,-2.3199,1.2704
Occupancy,Ruby-throated Hummingbird,Intercept,1.8286,1.2809,-0.0729,1.6548,4.8128,1.0264,663,0.0892,4.2335
Occupancy,Red-winged Blackbird,Intercept,-0.8803,0.2018,-1.2902,-0.8793,-0.5007,0.9997,1200,-1.2097,-0.5531
Occupancy,Savannah Sparrow,Intercept,-4.8638,1.0245,-6.985,-4.823,-2.7953,1.0009,1145,-6.5964,-3.2936
Occupancy,Scarlet Tanager,Intercept,0.8039,0.3739,0.1574,0.7768,1.6248,1.0182,1200,0.2531,1.4668
Occupancy,Song Sparrow,Intercept,0.2844,0.188,-0.0837,0.287,0.6548,1.0139,1200,-0.0343,0.5987
Occupancy,Swamp Sparrow,Intercept,-3.4697,0.4844,-4.5166,-3.4356,-2.6151,1.0048,1200,-4.3278,-2.7012
Occupancy,Tennessee Warbler,Intercept,-5.6142,1.6569,-9.1027,-5.5412,-2.5908,1.0032,596,-8.5178,-3.1591
Occupancy,Tree Swallow,Intercept,-3.021,0.5529,-4.0405,-3.0091,-1.8756,1.0062,1413,-3.8971,-2.1247
Occupancy,Tufted Titmouse,Intercept,3.2185,0.6463,2.2561,3.1302,4.7168,1.0069,1081,2.3955,4.3651
Occupancy,Turkey Vulture,Intercept,-1.1334,0.9331,-2.7082,-1.2254,0.9601,1.001,694,-2.5188,0.5405
Occupancy,Veery,Intercept,-1.8403,0.5412,-2.7425,-1.8886,-0.5939,1.0039,1089,-2.6319,-0.9084
Occupancy,Virginia Rail,Intercept,-5.6724,1.5611,-9.2162,-5.583,-2.8346,1.0153,644,-8.4043,-3.3163
Occupancy,Warbling Vireo,Intercept,-1.8492,0.2992,-2.4242,-1.841,-1.2819,1.0003,1200,-2.3551,-1.3661
Occupancy,White-breasted Nuthatch,Intercept,2.86,0.938,1.7022,2.6375,5.2764,1.0031,702,1.8164,4.7177
Occupancy,White-eyed Vireo,Intercept,-5.1057,0.9547,-7.3143,-4.9925,-3.5648,1.0278,1200,-6.8361,-3.7423
Occupancy,Willow Flycatcher,Intercept,-3.3629,0.541,-4.4661,-3.3218,-2.3662,1,1200,-4.2615,-2.5
Occupancy,Wild Turkey,Intercept,-1.7711,1.5371,-3.7713,-2.1172,2.4301,1.0263,206,-3.5546,1.415
Occupancy,Winter Wren,Intercept,-4.2498,0.937,-6.0206,-4.2093,-2.4919,1.0079,1072,-5.7182,-2.7524
Occupancy,Wood Duck,Intercept,-3.5465,1.1328,-5.6007,-3.6387,-0.9415,1.0161,429,-5.2422,-1.5996
Occupancy,Wood Thrush,Intercept,0.821,0.2902,0.3231,0.7955,1.489,1.003,1200,0.3892,1.3243
Occupancy,Yellow-billed Cuckoo,Intercept,-1.6216,1.3867,-3.5677,-1.8901,2.0146,1.0272,331,-3.3069,1.042
Occupancy,Yellow Warbler,Intercept,-1.1978,0.2653,-1.7266,-1.2015,-0.6661,1.0007,1200,-1.6306,-0.7636
Occupancy,Yellow-throated Vireo,Intercept,-1.4956,0.8139,-2.5889,-1.6202,0.3287,1.007,451,-2.4557,-0.1949
Occupancy,Yellow-throated Warbler,Intercept,-2.9673,0.7331,-4.39,-2.9822,-1.4023,1.0049,1200,-4.0896,-1.6844
Occupancy,Acadian Flycatcher,tol_rel,-1.2218,0.2424,-1.7395,-1.2168,-0.7677,1.0151,1200,-1.6554,-0.8383
Occupancy,Alder Flycatcher,tol_rel,0.6701,0.5393,-0.3569,0.6635,1.745,1.0102,1200,-0.2285,1.5747
Occupancy,American Crow,tol_rel,0.1423,0.2423,-0.3209,0.1352,0.6321,0.9992,978,-0.2507,0.5447
Occupancy,American Goldfinch,tol_rel,0.214,0.3839,-0.4802,0.188,1.1076,1.0061,1401,-0.3609,0.8924
Occupancy,American Kestrel,tol_rel,0.2213,0.5614,-0.9363,0.2486,1.3212,1.0144,1314,-0.7193,1.1411
Occupancy,American Redstart,tol_rel,0.2143,0.3359,-0.4696,0.2062,0.8548,1.0017,1200,-0.3327,0.7567
Occupancy,American Robin,tol_rel,0.5351,0.3736,-0.0891,0.5098,1.4132,1.0039,1200,-0.0183,1.2139
Occupancy,American Woodcock,tol_rel,0.2684,0.4721,-0.6797,0.2904,1.1412,1.0087,1200,-0.4986,1.0178
Occupancy,Barred Owl,tol_rel,0.8497,0.4898,-0.0923,0.8526,1.8162,0.999,1200,0.0839,1.6651
Occupancy,Bald Eagle,tol_rel,0.3592,0.4779,-0.5978,0.3624,1.2752,1.0015,1200,-0.4101,1.1175
Occupancy,Bank Swallow,tol_rel,1.0684,0.4933,0.1115,1.0427,2.0649,1.0173,1200,0.3053,1.9061
Occupancy,Baltimore Oriole,tol_rel,0.8702,0.2883,0.3887,0.85,1.509,1.0086,1379,0.4369,1.3631
Occupancy,Barn Swallow,tol_rel,0.6191,0.3706,-0.0545,0.5946,1.4113,1.0024,1200,0.0417,1.2551
Occupancy,Black-capped Chickadee,tol_rel,-0.2318,0.4617,-1.0335,-0.2652,0.8845,1.0032,1200,-0.9092,0.6506
Occupancy,Belted Kingfisher,tol_rel,0.366,0.4062,-0.3268,0.3334,1.2911,1.019,1074,-0.215,1.1117
Occupancy,Blue-gray Gnatcatcher,tol_rel,-0.415,0.2413,-0.9124,-0.4045,0.0495,1.0014,1200,-0.8131,-0.0378
Occupancy,Brown-headed Cowbird,tol_rel,0.733,0.3647,0.1006,0.6996,1.4991,1.0023,1200,0.1871,1.3648
Occupancy,Blue-headed Vireo,tol_rel,0.113,0.5427,-0.9757,0.1101,1.1645,1.0039,1200,-0.806,0.9768
Occupancy,Blue Jay,tol_rel,-0.2624,0.2772,-0.8085,-0.2596,0.2576,1.0024,1256,-0.7273,0.1759
Occupancy,Bobolink,tol_rel,0.1843,0.5884,-0.9225,0.1722,1.4123,0.9999,1200,-0.7862,1.1796
Occupancy,Brown Creeper,tol_rel,-0.0452,0.358,-0.7842,-0.0316,0.6085,1.0062,1200,-0.6529,0.509
Occupancy,Brown Thrasher,tol_rel,1.3761,0.448,0.5147,1.3593,2.3085,0.9994,1200,0.6535,2.1251
Occupancy,Black-throated Green Warbler,tol_rel,0.1633,0.5898,-0.9697,0.1505,1.363,1.0116,1200,-0.7616,1.1354
Occupancy,Broad-winged Hawk,tol_rel,-0.2478,0.5317,-1.3092,-0.2404,0.7539,1,1200,-1.1414,0.596
Occupancy,Blue-winged Warbler,tol_rel,0.7062,0.3672,-0.0122,0.6983,1.4422,1.0132,1103,0.1216,1.2966
Occupancy,Canada Goose,tol_rel,0.6294,0.4488,-0.2371,0.6052,1.5807,1.0126,1200,-0.0596,1.3892
Occupancy,Carolina Wren,tol_rel,0.7836,0.3232,0.2148,0.7556,1.4535,1.0012,1200,0.3105,1.3381
Occupancy,Cedar Waxwing,tol_rel,0.8814,0.2851,0.3752,0.8553,1.4978,1.0009,1200,0.4484,1.3657
Occupancy,Cerulean Warbler,tol_rel,0.156,0.599,-0.9869,0.1506,1.2903,1.0097,1331,-0.8154,1.1461
Occupancy,Chipping Sparrow,tol_rel,0.2451,0.2411,-0.2089,0.2432,0.7253,1.0054,1200,-0.1347,0.6397
Occupancy,Chimney Swift,tol_rel,0.0776,0.3538,-0.5233,0.0379,0.9367,1.0052,1200,-0.4252,0.7322
Occupancy,Cliff Swallow,tol_rel,0.2587,0.5305,-0.8404,0.2687,1.3164,1.0002,1200,-0.6494,1.0986
Occupancy,Common Grackle,tol_rel,0.8144,0.3728,0.1921,0.7836,1.6766,1.0005,1584,0.2589,1.4922
Occupancy,Cooper's Hawk,tol_rel,0.5793,0.3399,-0.0482,0.5639,1.2934,1.001,1081,0.0546,1.1521
Occupancy,Common Yellowthroat,tol_rel,0.9192,0.2157,0.5122,0.9144,1.3962,1.0138,1200,0.5805,1.2888
Occupancy,Dark-eyed Junco,tol_rel,-0.5253,0.3635,-1.3155,-0.5098,0.139,1.0215,1200,-1.1445,0.0214
Occupancy,Downy Woodpecker,tol_rel,0.1911,0.3385,-0.4464,0.1882,0.9228,1.0015,1200,-0.3475,0.7611
Occupancy,Eastern Bluebird,tol_rel,0.484,0.289,-0.0502,0.4853,1.0406,1.0023,1158,0.0396,0.9508
Occupancy,Eastern Kingbird,tol_rel,0.8941,0.3222,0.2745,0.8917,1.5411,1.0036,1200,0.382,1.4085
Occupancy,Eastern Meadowlark,tol_rel,0.0977,0.5013,-0.9056,0.0964,1.0598,1.0011,1200,-0.7419,0.9196
Occupancy,Eastern Phoebe,tol_rel,-0.4704,0.3244,-1.1514,-0.4536,0.1236,1.0073,1200,-1.0391,0.0172
Occupancy,Eastern Towhee,tol_rel,0.7222,0.2422,0.2707,0.7238,1.1946,0.9996,1200,0.3366,1.1352
Occupancy,Eastern Wood-Pewee,tol_rel,-0.9241,0.2721,-1.4908,-0.9106,-0.43,1.0146,1200,-1.3879,-0.4912
Occupancy,European Starling,tol_rel,0.7629,0.2501,0.2815,0.7683,1.2421,1.0145,1083,0.3503,1.1729
Occupancy,Field Sparrow,tol_rel,0.8246,0.2938,0.2737,0.8088,1.4384,1.0002,1200,0.3626,1.3158
Occupancy,Great Blue Heron,tol_rel,0.183,0.3809,-0.5826,0.1851,0.9374,1.0007,1200,-0.447,0.8181
Occupancy,Great Crested Flycatcher,tol_rel,-0.3389,0.3803,-0.9805,-0.3701,0.5645,1.0041,1200,-0.8886,0.3368
Occupancy,Great Horned Owl,tol_rel,0.1885,0.5589,-0.9661,0.1802,1.3033,1.0027,1472,-0.7306,1.0978
Occupancy,Gray Catbird,tol_rel,0.8247,0.2257,0.4082,0.8093,1.2755,1.0015,1200,0.4752,1.2025
Occupancy,Green Heron,tol_rel,0.3908,0.5404,-0.6648,0.3949,1.3775,1.0022,1200,-0.5475,1.2582
Occupancy,Hairy Woodpecker,tol_rel,-0.5716,0.4441,-1.3955,-0.6049,0.4502,1.0065,1200,-1.2261,0.2208
Occupancy,Herring Gull,tol_rel,-0.123,0.5457,-1.2385,-0.1131,0.9031,1.0116,1076,-1.0593,0.7323
Occupancy,Hermit Thrush,tol_rel,-0.0952,0.5057,-1.1346,-0.1013,0.8538,1.0062,1200,-0.9651,0.7141
Occupancy,House Finch,tol_rel,0.2034,0.3539,-0.4624,0.177,0.9474,1.0017,1022,-0.3317,0.8132
Occupancy,House Sparrow,tol_rel,0.1976,0.2164,-0.2037,0.199,0.6013,1.0067,1200,-0.1561,0.5402
Occupancy,Hooded Warbler,tol_rel,-0.4158,0.2287,-0.8704,-0.4128,0.0175,1.0044,1308,-0.8059,-0.0567
Occupancy,House Wren,tol_rel,0.3297,0.1782,-0.0022,0.3226,0.6871,1.0017,1213,0.0546,0.6282
Occupancy,Indigo Bunting,tol_rel,0.5085,0.1956,0.1469,0.5065,0.9098,1.0001,1200,0.1899,0.838
Occupancy,Killdeer,tol_rel,0.8143,0.3738,0.1221,0.7993,1.5485,1.0005,1200,0.2298,1.4265
Occupancy,Louisiana Waterthrush,tol_rel,0.021,0.3194,-0.6359,0.0366,0.6179,1.0037,1315,-0.5036,0.528
Occupancy,Mallard,tol_rel,0.2358,0.3962,-0.531,0.2293,0.9839,1.0268,1200,-0.381,0.8648
Occupancy,Mourning Dove,tol_rel,1.0852,0.3328,0.5133,1.0592,1.7832,1.0045,1334,0.5774,1.6831
Occupancy,Northern Cardinal,tol_rel,0.5976,0.3363,-0.0251,0.5871,1.3121,1.0059,1200,0.062,1.174
Occupancy,Northern Flicker,tol_rel,0.4182,0.4496,-0.3525,0.3769,1.4669,1.0063,1200,-0.254,1.2445
Occupancy,Northern Parula,tol_rel,-0.1884,0.5838,-1.3856,-0.175,0.9286,1.0024,1200,-1.1723,0.7631
Occupancy,Northern Rough-winged Swallow,tol_rel,0.6448,0.3732,-0.0277,0.6069,1.4484,1.0054,1200,0.0977,1.2806
Occupancy,Orchard Oriole,tol_rel,1.1977,0.3329,0.6106,1.1809,1.9327,1.0051,1200,0.6748,1.7585
Occupancy,Ovenbird,tol_rel,-0.0749,0.3291,-0.7375,-0.0767,0.5407,1.0006,1200,-0.6213,0.4461
Occupancy,Pileated Woodpecker,tol_rel,-0.0414,0.441,-0.8432,-0.0805,0.987,1.0021,1414,-0.6886,0.7469
Occupancy,Purple Finch,tol_rel,0.71,0.521,-0.3095,0.7064,1.7153,1.0096,1097,-0.161,1.5832
Occupancy,Purple Martin,tol_rel,0.2062,0.6218,-1.0101,0.2017,1.3934,1.0081,1200,-0.8081,1.2246
Occupancy,Rose-breasted Grosbeak,tol_rel,0.3098,0.2984,-0.2339,0.2895,0.9657,1.0002,1200,-0.1603,0.8331
Occupancy,Ring-billed Gull,tol_rel,0.3784,0.3267,-0.2386,0.3821,1.0306,1.0008,1200,-0.1601,0.9294
Occupancy,Red-breasted Nuthatch,tol_rel,0.2471,0.525,-0.7823,0.2499,1.2426,0.9998,1366,-0.6087,1.1088
Occupancy,Red-bellied Woodpecker,tol_rel,-0.519,0.3823,-1.2782,-0.5291,0.2551,1.0004,1200,-1.1385,0.096
Occupancy,Red-eyed Vireo,tol_rel,-0.9363,0.2559,-1.4671,-0.9188,-0.478,1.0005,1200,-1.3861,-0.5436
Occupancy,Red-headed Woodpecker,tol_rel,-0.3063,0.4419,-1.1945,-0.2938,0.5075,1.0087,1200,-1.0529,0.3945
Occupancy,Rock Pigeon,tol_rel,0.0721,0.5263,-0.9593,0.0722,1.1134,1.0058,1200,-0.7754,0.9138
Occupancy,Red-shouldered Hawk,tol_rel,0.0837,0.5339,-0.9025,0.0505,1.2491,1.0112,876,-0.7219,0.9849
Occupancy,Red-tailed Hawk,tol_rel,0.4382,0.3684,-0.2513,0.433,1.1912,1.0029,1389,-0.1398,1.0686
Occupancy,Ruby-throated Hummingbird,tol_rel,0.3584,0.5348,-0.6781,0.3487,1.4633,1.0003,1200,-0.4765,1.2821
Occupancy,Red-winged Blackbird,tol_rel,0.9037,0.2026,0.5283,0.903,1.3227,1.0058,1200,0.5825,1.2446
Occupancy,Savannah Sparrow,tol_rel,0.2224,0.5276,-0.9078,0.2176,1.2332,1.0006,1343,-0.6923,1.0968
Occupancy,Scarlet Tanager,tol_rel,-0.9345,0.2628,-1.5098,-0.9323,-0.4439,1.0057,1200,-1.3721,-0.5109
Occupancy,Song Sparrow,tol_rel,0.9287,0.2166,0.5193,0.922,1.3841,1.0169,819,0.5805,1.3017
Occupancy,Swamp Sparrow,tol_rel,0.5062,0.3403,-0.1788,0.5091,1.1439,1.0042,1062,-0.0633,1.055
Occupancy,Tennessee Warbler,tol_rel,0.1573,0.6157,-1.0137,0.1648,1.3801,1.016,1200,-0.8834,1.1735
Occupancy,Tree Swallow,tol_rel,1.0701,0.3299,0.4805,1.0551,1.7891,1.0025,1200,0.5531,1.6556
Occupancy,Tufted Titmouse,tol_rel,-0.442,0.3835,-1.15,-0.4492,0.4047,0.9997,1200,-1.0488,0.2129
Occupancy,Turkey Vulture,tol_rel,0.8537,0.4814,0.0086,0.809,1.8649,1.0011,1200,0.156,1.662
Occupancy,Veery,tol_rel,0.0386,0.3136,-0.6114,0.0524,0.6203,1.0051,1105,-0.4844,0.5338
Occupancy,Virginia Rail,tol_rel,0.1869,0.6227,-1.0626,0.193,1.3383,1.0054,1192,-0.8915,1.1591
Occupancy,Warbling Vireo,tol_rel,0.7948,0.2329,0.3775,0.7779,1.2853,1.0007,1200,0.4378,1.1891
Occupancy,White-breasted Nuthatch,tol_rel,-0.3769,0.4409,-1.1458,-0.4104,0.6009,1.0109,1093,-1.0313,0.4087
Occupancy,White-eyed Vireo,tol_rel,0.0207,0.5375,-1.08,0.0216,1.0769,1.0166,1200,-0.882,0.892
Occupancy,Willow Flycatcher,tol_rel,1.3165,0.3559,0.6644,1.3051,2.0354,1.0047,1304,0.7615,1.9054
Occupancy,Wild Turkey,tol_rel,-0.2881,0.4942,-1.2485,-0.2804,0.6491,1.0023,1015,-1.0867,0.5141
Occupancy,Winter Wren,tol_rel,-0.3083,0.5451,-1.3933,-0.2966,0.7248,1.0025,1200,-1.1684,0.5415
Occupancy,Wood Duck,tol_rel,0.5443,0.4869,-0.4176,0.5323,1.5016,1.0122,944,-0.2475,1.3638
Occupancy,Wood Thrush,tol_rel,-0.4426,0.2151,-0.8623,-0.4398,-0.0248,1.0019,1200,-0.7895,-0.0939
Occupancy,Yellow-billed Cuckoo,tol_rel,0.1342,0.4581,-0.8494,0.1352,1.0491,1.0091,1200,-0.639,0.8668
Occupancy,Yellow Warbler,tol_rel,1.1962,0.2575,0.7282,1.1864,1.7202,1.0025,1200,0.7891,1.6376
Occupancy,Yellow-throated Vireo,tol_rel,-0.475,0.3756,-1.2608,-0.4455,0.2139,1.008,1200,-1.0963,0.0985
Occupancy,Yellow-throated Warbler,tol_rel,0.0682,0.4247,-0.8398,0.0837,0.8554,1.013,1342,-0.6637,0.7272
Occupancy,Acadian Flycatcher,svp,0.7215,0.2515,0.2697,0.7078,1.2554,0.9999,1312,0.3324,1.1536
Occupancy,Alder Flycatcher,svp,-0.0214,0.4016,-0.8159,-0.018,0.771,1.004,1200,-0.6935,0.6252
Occupancy,American Crow,svp,-0.007,0.2184,-0.4137,-0.017,0.4551,0.9997,1200,-0.3537,0.3655
Occupancy,American Goldfinch,svp,0.0924,0.319,-0.4821,0.0797,0.729,1.0125,1200,-0.4125,0.6484
Occupancy,American Kestrel,svp,-0.2012,0.3864,-0.9552,-0.1925,0.5651,1.005,1200,-0.839,0.4221
Occupancy,American Redstart,svp,-0.1345,0.3008,-0.7323,-0.1312,0.4937,1.0224,1066,-0.6205,0.3737
Occupancy,American Robin,svp,-0.4865,0.2378,-0.9777,-0.4722,-0.0467,1.0046,1200,-0.8822,-0.109
Occupancy,American Woodcock,svp,-0.1487,0.357,-0.8422,-0.1473,0.566,1.0021,1200,-0.7318,0.4515
Occupancy,Barred Owl,svp,0.081,0.3622,-0.6468,0.0856,0.7575,1.0045,1308,-0.4943,0.6541
Occupancy,Bald Eagle,svp,-0.2861,0.3811,-1.0807,-0.2705,0.4277,1.0002,1200,-0.9335,0.2997
Occupancy,Bank Swallow,svp,-0.078,0.3713,-0.7721,-0.0817,0.6551,1.0014,1200,-0.6747,0.5381
Occupancy,Baltimore Oriole,svp,-0.5221,0.2464,-1.0524,-0.5047,-0.0866,1.0006,2055,-0.9649,-0.1459
Occupancy,Barn Swallow,svp,-0.2225,0.3097,-0.8397,-0.2149,0.3924,1.0293,939,-0.7434,0.2658
Occupancy,Black-capped Chickadee,svp,0.1061,0.3702,-0.6049,0.0953,0.8627,1.0145,1200,-0.4831,0.7464
Occupancy,Belted Kingfisher,svp,-0.255,0.2942,-0.8583,-0.245,0.3101,1.0086,1200,-0.7707,0.2277
Occupancy,Blue-gray Gnatcatcher,svp,0.2341,0.3048,-0.2949,0.204,0.9063,1.01,1200,-0.2367,0.767
Occupancy,Brown-headed Cowbird,svp,0.0629,0.267,-0.4362,0.055,0.6155,0.9999,1200,-0.3642,0.5299
Occupancy,Blue-headed Vireo,svp,-0.0399,0.3972,-0.7928,-0.0552,0.7748,1.0034,1200,-0.6921,0.6378
Occupancy,Blue Jay,svp,-0.1328,0.25,-0.609,-0.1389,0.3603,1.0065,1200,-0.5456,0.2924
Occupancy,Bobolink,svp,-0.0814,0.4067,-0.8762,-0.0831,0.7184,1.0002,1312,-0.7683,0.5845
Occupancy,Brown Creeper,svp,0.549,0.2818,0.0451,0.539,1.1334,1.0082,1200,0.1024,1.0333
Occupancy,Brown Thrasher,svp,-0.2263,0.3565,-0.9207,-0.2302,0.4791,1.0034,1200,-0.8182,0.3795
Occupancy,Black-throated Green Warbler,svp,-0.0703,0.3891,-0.8685,-0.0631,0.6523,1.0012,1200,-0.7413,0.5596
Occupancy,Broad-winged Hawk,svp,0.1797,0.3382,-0.4941,0.1859,0.8136,1.0024,1200,-0.3942,0.7439
Occupancy,Blue-winged Warbler,svp,-0.0418,0.3418,-0.6746,-0.0409,0.6535,1.0053,1214,-0.5876,0.5266
Occupancy,Canada Goose,svp,-0.2408,0.3437,-0.8945,-0.2415,0.4828,1.0002,1200,-0.7891,0.3386
Occupancy,Carolina Wren,svp,0.2105,0.2299,-0.2476,0.2106,0.6703,1.0019,1200,-0.1511,0.5918
Occupancy,Cedar Waxwing,svp,-0.3853,0.2588,-0.9157,-0.37,0.0767,1.0216,1200,-0.8287,0.0034
Occupancy,Cerulean Warbler,svp,-0.1047,0.4206,-1.0104,-0.0876,0.6729,1.0195,1200,-0.8358,0.5543
Occupancy,Chipping Sparrow,svp,0.0288,0.243,-0.4473,0.0326,0.5172,1.0022,1200,-0.3597,0.4366
Occupancy,Chimney Swift,svp,-0.2924,0.2774,-0.8057,-0.2924,0.3001,1.0016,1200,-0.7223,0.1581
Occupancy,Cliff Swallow,svp,-0.207,0.3885,-0.9684,-0.1921,0.5167,0.9993,1200,-0.8463,0.4122
Occupancy,Common Grackle,svp,-0.2784,0.2647,-0.8101,-0.2732,0.2488,1.0019,1200,-0.7169,0.1482
Occupancy,Cooper's Hawk,svp,0.0388,0.3125,-0.5833,0.0412,0.6628,1.0217,1200,-0.4823,0.5549
Occupancy,Common Yellowthroat,svp,0,0.205,-0.411,-0.0009,0.3798,1.0094,1200,-0.3364,0.3338
Occupancy,Dark-eyed Junco,svp,0.6698,0.2655,0.1822,0.667,1.2008,1.0161,1073,0.2453,1.1146
Occupancy,Downy Woodpecker,svp,0.0702,0.3137,-0.5033,0.0664,0.7114,1.009,935,-0.4253,0.613
Occupancy,Eastern Bluebird,svp,0.272,0.2744,-0.2393,0.2706,0.8393,1.0055,1210,-0.1631,0.7285
Occupancy,Eastern Kingbird,svp,-0.0117,0.2973,-0.5919,-0.0255,0.5805,1.0235,1200,-0.5019,0.4632
Occupancy,Eastern Meadowlark,svp,-0.1791,0.3516,-0.9216,-0.1637,0.4727,1.003,1200,-0.7988,0.361
Occupancy,Eastern Phoebe,svp,-0.0709,0.2546,-0.5905,-0.0676,0.4202,1.0009,1200,-0.4979,0.3401
Occupancy,Eastern Towhee,svp,-0.1702,0.2358,-0.6354,-0.171,0.2728,1.0038,870,-0.5513,0.2038
Occupancy,Eastern Wood-Pewee,svp,0.0131,0.301,-0.5325,0.0042,0.6559,1.0221,911,-0.4429,0.5362
Occupancy,European Starling,svp,-0.6082,0.3143,-1.2475,-0.5979,-0.0345,1.0002,1200,-1.1328,-0.1065
Occupancy,Field Sparrow,svp,-0.2375,0.2947,-0.8309,-0.2253,0.3373,1.0085,1200,-0.7161,0.2601
Occupancy,Great Blue Heron,svp,-0.1075,0.3154,-0.7279,-0.0986,0.4971,1.0012,1200,-0.6274,0.3828
Occupancy,Great Crested Flycatcher,svp,0.0413,0.3564,-0.6601,0.0468,0.7407,1.0125,1200,-0.5013,0.6054
Occupancy,Great Horned Owl,svp,-0.1339,0.3961,-0.9326,-0.1294,0.6571,1.0122,1200,-0.7634,0.5144
Occupancy,Gray Catbird,svp,-0.4289,0.2037,-0.8352,-0.4336,-0.0413,1.0073,1200,-0.7616,-0.0974
Occupancy,Green Heron,svp,-0.1263,0.386,-0.9398,-0.1358,0.6112,1.0091,1104,-0.7598,0.4901
Occupancy,Hairy Woodpecker,svp,-0.028,0.3657,-0.7016,-0.0292,0.7089,1.0011,1200,-0.5934,0.5775
Occupancy,Herring Gull,svp,-0.2164,0.3735,-0.9853,-0.2043,0.5024,1.0015,1200,-0.8244,0.3915
Occupancy,Hermit Thrush,svp,0.2664,0.3328,-0.4138,0.2681,0.936,1.0078,1200,-0.2834,0.7951
Occupancy,House Finch,svp,-0.5752,0.3226,-1.2564,-0.5555,0.0245,1.0012,1200,-1.1427,-0.081
Occupancy,House Sparrow,svp,-0.7885,0.2999,-1.4307,-0.7768,-0.264,1.0082,1200,-1.304,-0.317
Occupancy,Hooded Warbler,svp,0.3902,0.201,-0.0146,0.3859,0.7809,1.0036,1318,0.0632,0.7322
Occupancy,House Wren,svp,-0.3452,0.1784,-0.7128,-0.3378,-0.0198,1.0024,1200,-0.6498,-0.0633
Occupancy,Indigo Bunting,svp,-0.1789,0.1941,-0.5625,-0.1738,0.1858,1.0026,1200,-0.5029,0.1303
Occupancy,Killdeer,svp,-0.3479,0.35,-1.0782,-0.3327,0.3616,1.0047,1312,-0.9189,0.2127
Occupancy,Louisiana Waterthrush,svp,0.0016,0.271,-0.5489,0.0136,0.5428,1.0144,1176,-0.4425,0.4569
Occupancy,Mallard,svp,-0.3603,0.3487,-1.0809,-0.3528,0.3157,0.9996,1200,-0.957,0.1998
Occupancy,Mourning Dove,svp,-0.1057,0.2717,-0.6561,-0.1034,0.4422,1.0167,1200,-0.5584,0.3358
Occupancy,Northern Cardinal,svp,-0.0321,0.2741,-0.5671,-0.0412,0.5334,1.0115,1200,-0.4718,0.4286
Occupancy,Northern Flicker,svp,-0.1979,0.3069,-0.8045,-0.2046,0.4379,1.0062,1200,-0.6894,0.3008
Occupancy,Northern Parula,svp,-0.2227,0.3894,-0.9757,-0.2099,0.5282,1.0032,1200,-0.8622,0.4051
Occupancy,Northern Rough-winged Swallow,svp,-0.2609,0.3269,-0.922,-0.2624,0.3582,1.0069,1200,-0.803,0.263
Occupancy,Orchard Oriole,svp,-0.2016,0.3184,-0.8413,-0.1949,0.4318,1.0008,1200,-0.7406,0.3322
Occupancy,Ovenbird,svp,0.0724,0.2778,-0.4702,0.065,0.6214,0.9996,1200,-0.3728,0.5468
Occupancy,Pileated Woodpecker,svp,0.1288,0.3551,-0.5205,0.1079,0.9025,1.0042,1395,-0.4191,0.7429
Occupancy,Purple Finch,svp,-0.0248,0.3914,-0.7736,-0.0431,0.7486,1.0004,1044,-0.6541,0.6131
Occupancy,Purple Martin,svp,-0.0819,0.3976,-0.8655,-0.0857,0.6861,1.0233,1200,-0.7076,0.5696
Occupancy,Rose-breasted Grosbeak,svp,-0.3576,0.2797,-0.92,-0.3635,0.1774,1.0033,1200,-0.8213,0.0987
Occupancy,Ring-billed Gull,svp,-0.0906,0.2956,-0.6615,-0.0892,0.5046,1.0084,1200,-0.5792,0.4116
Occupancy,Red-breasted Nuthatch,svp,-0.1383,0.3915,-0.9509,-0.1304,0.5913,1.0062,1200,-0.7958,0.4989
Occupancy,Red-bellied Woodpecker,svp,0.0201,0.3228,-0.6015,0.0216,0.6854,1.0016,1200,-0.5231,0.5617
Occupancy,Red-eyed Vireo,svp,0.2874,0.3248,-0.3359,0.2809,0.9494,1.0191,1200,-0.2242,0.8406
Occupancy,Red-headed Woodpecker,svp,-0.4789,0.3827,-1.2455,-0.4623,0.2016,1.0214,1200,-1.1231,0.1263
Occupancy,Rock Pigeon,svp,-0.3007,0.3928,-1.0764,-0.3006,0.4793,1.0007,1200,-0.9446,0.3163
Occupancy,Red-shouldered Hawk,svp,-0.3103,0.3734,-1.0779,-0.3155,0.4704,1.0063,1200,-0.9213,0.2957
Occupancy,Red-tailed Hawk,svp,-0.2411,0.3574,-1.0021,-0.2217,0.4156,1.0104,1200,-0.8478,0.3317
Occupancy,Ruby-throated Hummingbird,svp,-0.0419,0.3496,-0.7305,-0.046,0.6727,1.02,1233,-0.6179,0.5272
Occupancy,Red-winged Blackbird,svp,-0.3072,0.2187,-0.7598,-0.3072,0.1184,1.0049,1071,-0.6833,0.0462
Occupancy,Savannah Sparrow,svp,-0.2039,0.3792,-0.9311,-0.2068,0.5193,1.0042,1200,-0.842,0.4271
Occupancy,Scarlet Tanager,svp,0.3501,0.2731,-0.1553,0.3382,0.9444,1.0255,850,-0.0855,0.8438
Occupancy,Song Sparrow,svp,-0.2116,0.1894,-0.5881,-0.2123,0.1558,1.0034,1200,-0.5298,0.1038
Occupancy,Swamp Sparrow,svp,-0.1494,0.3262,-0.8279,-0.139,0.4742,1.0245,1200,-0.709,0.3591
Occupancy,Tennessee Warbler,svp,-0.0858,0.394,-0.8994,-0.0946,0.7002,1.0091,1200,-0.7093,0.565
Occupancy,Tree Swallow,svp,-0.1338,0.3217,-0.7776,-0.1334,0.507,1.0024,1200,-0.6754,0.4032
Occupancy,Tufted Titmouse,svp,0.1402,0.3457,-0.4971,0.1246,0.8368,1.0042,1200,-0.4086,0.7257
Occupancy,Turkey Vulture,svp,-0.409,0.3672,-1.1926,-0.3873,0.2899,1.0006,1200,-1.0451,0.1721
Occupancy,Veery,svp,0.1889,0.269,-0.3345,0.1906,0.7316,1.0101,1200,-0.2533,0.6333
Occupancy,Virginia Rail,svp,-0.0872,0.3937,-0.8675,-0.0862,0.6952,1.007,1200,-0.7105,0.5794
Occupancy,Warbling Vireo,svp,-0.4569,0.2604,-0.9852,-0.4395,0.0193,1.0081,1200,-0.9038,-0.0418
Occupancy,White-breasted Nuthatch,svp,0.0559,0.3539,-0.6121,0.0399,0.7735,1.0062,1200,-0.5124,0.6685
Occupancy,White-eyed Vireo,svp,-0.1331,0.3846,-0.8946,-0.1245,0.5917,1.0029,1421,-0.7869,0.4566
Occupancy,Willow Flycatcher,svp,-0.1038,0.3238,-0.7191,-0.1082,0.5597,0.9996,1200,-0.633,0.4433
Occupancy,Wild Turkey,svp,-0.1028,0.3377,-0.7793,-0.116,0.612,1.0012,1079,-0.6212,0.4693
Occupancy,Winter Wren,svp,0.3219,0.3511,-0.3445,0.3065,1.0739,0.9991,1200,-0.2233,0.8903
Occupancy,Wood Duck,svp,-0.1946,0.3908,-0.9665,-0.1881,0.594,1.0093,1121,-0.8132,0.4559
Occupancy,Wood Thrush,svp,0.1355,0.2673,-0.3459,0.1292,0.7052,1.001,1308,-0.2852,0.594
Occupancy,Yellow-billed Cuckoo,svp,0.3253,0.3395,-0.3157,0.3279,0.9733,1.0064,771,-0.2131,0.8791
Occupancy,Yellow Warbler,svp,-0.3642,0.2499,-0.8778,-0.3589,0.0872,1.0114,1435,-0.7868,0.0229
Occupancy,Yellow-throated Vireo,svp,0.2818,0.2817,-0.248,0.2734,0.847,1.0085,1200,-0.1782,0.7593
Occupancy,Yellow-throated Warbler,svp,-0.128,0.3375,-0.8175,-0.1179,0.5114,1.0026,1200,-0.6755,0.4039
Occupancy,Acadian Flycatcher,dicot,0.3962,0.2063,0.017,0.3831,0.8264,1.0077,1085,0.0706,0.7394
Occupancy,Alder Flycatcher,dicot,0.1693,0.2638,-0.3397,0.1697,0.71,1.0014,1200,-0.2584,0.5991
Occupancy,American Crow,dicot,0.1729,0.1869,-0.2049,0.169,0.5332,1.0105,1200,-0.1312,0.4734
Occupancy,American Goldfinch,dicot,0.2353,0.2597,-0.2712,0.2325,0.7815,1.0013,1200,-0.18,0.6946
Occupancy,American Kestrel,dicot,0.2683,0.2716,-0.2395,0.2614,0.8227,1.0159,1200,-0.1438,0.7222
Occupancy,American Redstart,dicot,0.2645,0.2315,-0.192,0.2696,0.7001,0.9996,1381,-0.1195,0.6354
Occupancy,American Robin,dicot,0.056,0.2185,-0.3753,0.0575,0.4956,1.0026,1452,-0.3046,0.4149
Occupancy,American Woodcock,dicot,0.1871,0.2677,-0.3557,0.1957,0.6884,1.0003,1200,-0.2525,0.6042
Occupancy,Barred Owl,dicot,0.1409,0.2735,-0.4328,0.148,0.6724,1.0003,1339,-0.3416,0.564
Occupancy,Bald Eagle,dicot,0.2247,0.256,-0.2927,0.2233,0.7143,1.0051,1491,-0.1939,0.6316
Occupancy,Bank Swallow,dicot,0.196,0.2686,-0.3507,0.2048,0.7102,1.0022,1200,-0.2611,0.6229
Occupancy,Baltimore Oriole,dicot,0.5468,0.2174,0.1542,0.537,1.0025,1.0041,1094,0.2156,0.9164
Occupancy,Barn Swallow,dicot,0.5527,0.2472,0.1257,0.5381,1.0658,1.002,1200,0.1823,0.9756
Occupancy,Black-capped Chickadee,dicot,0.2715,0.2625,-0.2164,0.2691,0.7997,1.0065,1200,-0.1441,0.7049
Occupancy,Belted Kingfisher,dicot,0.3912,0.2452,-0.0701,0.3917,0.906,1.0043,1200,0.0073,0.7949
Occupancy,Blue-gray Gnatcatcher,dicot,0.3764,0.2246,-0.0547,0.3629,0.8257,1.0018,1200,0.0263,0.7419
Occupancy,Brown-headed Cowbird,dicot,0.506,0.259,0.0258,0.493,1.0679,1.0117,1200,0.1062,0.9628
Occupancy,Blue-headed Vireo,dicot,0.2756,0.2621,-0.236,0.2788,0.8017,1.0076,1200,-0.1729,0.6991
Occupancy,Blue Jay,dicot,-0.0137,0.2376,-0.4941,-0.0141,0.4439,1.0081,1200,-0.4336,0.3643
Occupancy,Bobolink,dicot,0.2629,0.2748,-0.2759,0.254,0.8233,1.0069,1200,-0.1749,0.7098
Occupancy,Brown Creeper,dicot,0.4057,0.226,-0.0085,0.3938,0.8684,1.005,1200,0.0359,0.7775
Occupancy,Brown Thrasher,dicot,0.2412,0.2564,-0.2813,0.2439,0.7646,1.0109,1015,-0.1949,0.6464
Occupancy,Black-throated Green Warbler,dicot,0.2577,0.279,-0.3336,0.273,0.7662,1.0062,1200,-0.2178,0.6872
Occupancy,Broad-winged Hawk,dicot,0.2925,0.2651,-0.2485,0.2922,0.8157,0.9995,1200,-0.1388,0.7192
Occupancy,Blue-winged Warbler,dicot,0.2592,0.2402,-0.2198,0.2706,0.7334,1.0051,1054,-0.14,0.6344
Occupancy,Canada Goose,dicot,0.2701,0.2584,-0.2449,0.2632,0.7975,1.0021,1200,-0.1314,0.6935
Occupancy,Carolina Wren,dicot,0.2491,0.2254,-0.1795,0.2449,0.6837,1.0006,1074,-0.1166,0.6045
Occupancy,Cedar Waxwing,dicot,0.1341,0.2039,-0.2803,0.1431,0.5244,1.001,1200,-0.2094,0.4583
Occupancy,Cerulean Warbler,dicot,0.2704,0.2795,-0.2995,0.2686,0.8185,1.0075,1091,-0.2106,0.7511
Occupancy,Chipping Sparrow,dicot,0.2076,0.2016,-0.173,0.2025,0.5968,1.0053,1359,-0.1089,0.5447
Occupancy,Chimney Swift,dicot,0.2237,0.2324,-0.2102,0.2136,0.6866,1.0039,1200,-0.1395,0.6194
Occupancy,Cliff Swallow,dicot,0.1901,0.2635,-0.3529,0.191,0.6903,1.0086,1103,-0.2437,0.6378
Occupancy,Common Grackle,dicot,-0.0092,0.2437,-0.5254,-0.0028,0.4523,1.0156,1073,-0.4285,0.3785
Occupancy,Cooper's Hawk,dicot,0.0618,0.2553,-0.4849,0.0701,0.5108,1.0007,1200,-0.3747,0.4499
Occupancy,Common Yellowthroat,dicot,0.4365,0.1892,0.076,0.4367,0.8074,1.0156,1200,0.147,0.7596
Occupancy,Dark-eyed Junco,dicot,0.058,0.2344,-0.3866,0.06,0.5263,1.0052,1200,-0.3265,0.4519
Occupancy,Downy Woodpecker,dicot,0.2875,0.254,-0.2178,0.2884,0.8158,1.0045,1200,-0.1177,0.7044
Occupancy,Eastern Bluebird,dicot,0.1656,0.2289,-0.2945,0.1613,0.6125,1.0045,1080,-0.2218,0.5387
Occupancy,Eastern Kingbird,dicot,0.4567,0.2397,0.0241,0.4467,0.9224,1.0056,1200,0.0798,0.8508
Occupancy,Eastern Meadowlark,dicot,0.4508,0.2687,-0.0554,0.4441,1.0164,1.0024,1095,0.0162,0.9077
Occupancy,Eastern Phoebe,dicot,0.2815,0.2239,-0.1565,0.2802,0.7268,1.023,1014,-0.0741,0.6532
Occupancy,Eastern Towhee,dicot,0.5458,0.2012,0.178,0.5433,0.9576,1.0019,1200,0.2289,0.8916
Occupancy,Eastern Wood-Pewee,dicot,0.3647,0.2311,-0.0846,0.3607,0.8134,1.0005,896,0.0074,0.7524
Occupancy,European Starling,dicot,0.1996,0.2116,-0.2151,0.1996,0.6005,1.0174,1200,-0.1452,0.5385
Occupancy,Field Sparrow,dicot,0.1977,0.226,-0.2769,0.2001,0.6353,1.0038,1200,-0.1886,0.5753
Occupancy,Great Blue Heron,dicot,0.1085,0.2492,-0.3775,0.1105,0.5829,1.0073,1092,-0.3078,0.5197
Occupancy,Great Crested Flycatcher,dicot,0.2597,0.244,-0.2216,0.2509,0.7676,1.0092,1200,-0.1319,0.6504
Occupancy,Great Horned Owl,dicot,0.3117,0.2593,-0.1862,0.3091,0.8174,1.0034,1200,-0.1076,0.7477
Occupancy,Gray Catbird,dicot,0.3401,0.1764,-0.0001,0.3366,0.6823,1.0061,1200,0.0601,0.6339
Occupancy,Green Heron,dicot,0.2757,0.269,-0.2361,0.277,0.8013,0.9999,1365,-0.1667,0.7259
Occupancy,Hairy Woodpecker,dicot,0.2822,0.264,-0.2355,0.2858,0.8398,1.0039,1408,-0.1458,0.7209
Occupancy,Herring Gull,dicot,0.2989,0.2676,-0.1876,0.305,0.8312,0.9996,1200,-0.1128,0.7631
Occupancy,Hermit Thrush,dicot,0.3048,0.2578,-0.2344,0.3064,0.7987,0.9998,1200,-0.1404,0.7401
Occupancy,House Finch,dicot,0.0975,0.2322,-0.3795,0.0984,0.5445,1.0022,1200,-0.2841,0.4697
Occupancy,House Sparrow,dicot,0.0447,0.2034,-0.3674,0.0488,0.4207,0.9997,1416,-0.303,0.3673
Occupancy,Hooded Warbler,dicot,0.674,0.2146,0.2832,0.6566,1.1425,1.004,1036,0.3337,1.0458
Occupancy,House Wren,dicot,0.0486,0.1731,-0.3127,0.0547,0.3648,1.0126,1200,-0.2456,0.3148
Occupancy,Indigo Bunting,dicot,0.433,0.1717,0.1205,0.4273,0.7811,1.0016,1273,0.1592,0.7143
Occupancy,Killdeer,dicot,0.346,0.2451,-0.1279,0.3446,0.8198,0.9996,1200,-0.0541,0.744
Occupancy,Louisiana Waterthrush,dicot,0.4682,0.2234,0.0442,0.4687,0.906,1.0222,1200,0.1027,0.8364
Occupancy,Mallard,dicot,0.2225,0.2471,-0.2952,0.2293,0.7121,1.0022,1102,-0.186,0.6129
Occupancy,Mourning Dove,dicot,0.3007,0.2226,-0.138,0.3008,0.7231,1.0064,1064,-0.0624,0.6539
Occupancy,Northern Cardinal,dicot,0.2344,0.2351,-0.232,0.2236,0.7195,1.0019,1200,-0.1534,0.6328
Occupancy,Northern Flicker,dicot,0.257,0.2231,-0.1691,0.2591,0.7045,1.0001,1200,-0.1209,0.607
Occupancy,Northern Parula,dicot,0.1598,0.2809,-0.4474,0.1767,0.7196,1.0034,1200,-0.3474,0.6312
Occupancy,Northern Rough-winged Swallow,dicot,0.3633,0.2386,-0.0881,0.3611,0.8245,1.0024,1200,-0.0135,0.7516
Occupancy,Orchard Oriole,dicot,0.0755,0.2448,-0.4115,0.0847,0.523,1.0024,1054,-0.328,0.4551
Occupancy,Ovenbird,dicot,0.2815,0.2231,-0.1407,0.2804,0.719,1.0088,1230,-0.0829,0.6346
Occupancy,Pileated Woodpecker,dicot,0.3533,0.2552,-0.1275,0.3361,0.8413,1.004,1200,-0.0432,0.7853
Occupancy,Purple Finch,dicot,0.2508,0.2683,-0.2909,0.2498,0.7438,1.0062,1200,-0.2027,0.6652
Occupancy,Purple Martin,dicot,0.26,0.2769,-0.2955,0.2678,0.7955,1.0159,1200,-0.1941,0.7143
Occupancy,Rose-breasted Grosbeak,dicot,0.1246,0.2317,-0.3331,0.1199,0.5827,1.0032,1200,-0.2335,0.4975
Occupancy,Ring-billed Gull,dicot,0.1348,0.2347,-0.3388,0.132,0.5807,1.0028,1200,-0.2534,0.5025
Occupancy,Red-breasted Nuthatch,dicot,0.2879,0.2779,-0.2606,0.2791,0.8533,1.009,1200,-0.1577,0.7509
Occupancy,Red-bellied Woodpecker,dicot,0.3771,0.2535,-0.1086,0.3652,0.8879,1.008,1047,-0.0399,0.8036
Occupancy,Red-eyed Vireo,dicot,0.4325,0.2377,0.0014,0.4287,0.9392,1.0004,1200,0.0486,0.8555
Occupancy,Red-headed Woodpecker,dicot,0.1684,0.2486,-0.3454,0.1696,0.652,1.0045,1200,-0.2442,0.5783
Occupancy,Rock Pigeon,dicot,0.172,0.2793,-0.425,0.1745,0.698,1.0012,1200,-0.2998,0.6145
Occupancy,Red-shouldered Hawk,dicot,0.2387,0.2577,-0.2459,0.2276,0.7657,1.0007,1200,-0.1798,0.6773
Occupancy,Red-tailed Hawk,dicot,-0.0949,0.2797,-0.6622,-0.0763,0.4049,1.0019,854,-0.5698,0.3377
Occupancy,Ruby-throated Hummingbird,dicot,0.3646,0.2801,-0.149,0.3509,0.9454,1.0036,1200,-0.0831,0.828
Occupancy,Red-winged Blackbird,dicot,0.0039,0.1909,-0.3885,0.0175,0.3472,1.0021,1200,-0.3315,0.2947
Occupancy,Savannah Sparrow,dicot,0.2607,0.2641,-0.2493,0.2571,0.8097,1.0001,1200,-0.1704,0.7106
Occupancy,Scarlet Tanager,dicot,0.3688,0.2275,-0.0704,0.3664,0.819,1.0369,1095,-0.0002,0.7399
Occupancy,Song Sparrow,dicot,0.2399,0.1652,-0.084,0.2456,0.56,1.001,1200,-0.0396,0.5017
Occupancy,Swamp Sparrow,dicot,0.1748,0.2443,-0.3074,0.1739,0.653,1.0079,1200,-0.222,0.5834
Occupancy,Tennessee Warbler,dicot,0.2627,0.2661,-0.2468,0.2617,0.8131,1.0069,1106,-0.1579,0.6919
Occupancy,Tree Swallow,dicot,0.1975,0.2425,-0.2869,0.1918,0.6529,1.0048,1200,-0.198,0.5898
Occupancy,Tufted Titmouse,dicot,0.3241,0.2605,-0.1778,0.3233,0.8628,1.0081,1200,-0.095,0.7698
Occupancy,Turkey Vulture,dicot,0.2015,0.2574,-0.3153,0.1978,0.7159,1.0045,1200,-0.2282,0.6453
Occupancy,Veery,dicot,0.4044,0.2261,-0.0255,0.4,0.8546,1.0006,1200,0.0291,0.7635
Occupancy,Virginia Rail,dicot,0.2624,0.2734,-0.287,0.2632,0.778,1.006,1200,-0.2077,0.6993
Occupancy,Warbling Vireo,dicot,0.342,0.1962,-0.041,0.3422,0.7298,1.0079,1537,0.0221,0.667
Occupancy,White-breasted Nuthatch,dicot,0.3684,0.2642,-0.1351,0.372,0.8902,1.0234,1200,-0.0554,0.8058
Occupancy,White-eyed Vireo,dicot,0.3396,0.2686,-0.1813,0.3377,0.8778,1.0015,1200,-0.0847,0.7701
Occupancy,Willow Flycatcher,dicot,0.1665,0.2369,-0.2913,0.1679,0.6311,1.0117,1200,-0.2204,0.536
Occupancy,Wild Turkey,dicot,0.1909,0.2633,-0.3412,0.1887,0.7197,1.002,1338,-0.2379,0.6055
Occupancy,Winter Wren,dicot,0.2575,0.264,-0.2497,0.2512,0.806,1,1200,-0.1588,0.6983
Occupancy,Wood Duck,dicot,0.2959,0.2583,-0.2178,0.3017,0.8334,1.0041,1169,-0.127,0.7085
Occupancy,Wood Thrush,dicot,0.37,0.2028,-0.0358,0.3688,0.7754,1.0095,1093,0.0335,0.7173
Occupancy,Yellow-billed Cuckoo,dicot,0.3055,0.2465,-0.166,0.3025,0.7968,1.003,1200,-0.1005,0.7104
Occupancy,Yellow Warbler,dicot,0.1461,0.1962,-0.242,0.1494,0.5151,1.0088,1200,-0.1726,0.4636
Occupancy,Yellow-throated Vireo,dicot,0.2515,0.2382,-0.1942,0.2516,0.7395,1.0108,1130,-0.1306,0.6423
Occupancy,Yellow-throated Warbler,dicot,0.473,0.2563,-0.0134,0.4688,1.006,1.0009,1052,0.0656,0.9098
Occupancy,Acadian Flycatcher,cyper,0.0841,0.1835,-0.2823,0.0832,0.4458,0.9997,1200,-0.205,0.3865
Occupancy,Alder Flycatcher,cyper,0.0438,0.3086,-0.554,0.0357,0.6504,0.9994,1200,-0.4497,0.5538
Occupancy,American Crow,cyper,0.0925,0.2065,-0.3328,0.0876,0.5217,1.0061,1381,-0.2438,0.4376
Occupancy,American Goldfinch,cyper,0.0617,0.2533,-0.4174,0.0562,0.5536,1.0156,1200,-0.3376,0.4845
Occupancy,American Kestrel,cyper,-0.2401,0.3099,-0.8717,-0.2304,0.3433,1.0151,1200,-0.7391,0.2519
Occupancy,American Redstart,cyper,-0.1045,0.2485,-0.6134,-0.0949,0.3618,1.0024,1200,-0.5302,0.2794
Occupancy,American Robin,cyper,0.0917,0.2153,-0.3174,0.0813,0.5166,1.004,1200,-0.241,0.4462
Occupancy,American Woodcock,cyper,-0.0481,0.3004,-0.6107,-0.0434,0.5621,1.0012,1069,-0.5045,0.452
Occupancy,Barred Owl,cyper,-0.2535,0.3067,-0.8502,-0.2417,0.3437,0.999,1352,-0.7682,0.2441
Occupancy,Bald Eagle,cyper,-0.2751,0.3078,-0.9048,-0.2649,0.305,1.0019,1152,-0.7905,0.2181
Occupancy,Bank Swallow,cyper,-0.2264,0.3101,-0.8311,-0.2231,0.3601,1.0038,1200,-0.737,0.2703
Occupancy,Baltimore Oriole,cyper,-0.3833,0.2206,-0.8195,-0.3811,0.0616,1.0091,1333,-0.7432,-0.0178
Occupancy,Barn Swallow,cyper,-0.2805,0.2623,-0.8055,-0.2723,0.2411,1.0083,1200,-0.7192,0.1512
Occupancy,Black-capped Chickadee,cyper,0.0269,0.2697,-0.4909,0.0328,0.5659,1.0017,1200,-0.4146,0.4706
Occupancy,Belted Kingfisher,cyper,-0.4826,0.2918,-1.0885,-0.4698,0.065,1.0114,1200,-0.9766,-0.0375
Occupancy,Blue-gray Gnatcatcher,cyper,-0.0589,0.2194,-0.4938,-0.0677,0.4076,1.0033,1200,-0.4037,0.3237
Occupancy,Brown-headed Cowbird,cyper,-0.229,0.2385,-0.7024,-0.2297,0.217,1.0034,1200,-0.6226,0.1487
Occupancy,Blue-headed Vireo,cyper,-0.0466,0.2984,-0.6232,-0.0536,0.5058,1.0048,1200,-0.5359,0.4303
Occupancy,Blue Jay,cyper,0.0232,0.2335,-0.4049,0.008,0.4858,1.001,1200,-0.3586,0.4118
Occupancy,Bobolink,cyper,-0.1182,0.308,-0.7159,-0.1221,0.4885,1.0051,1094,-0.6411,0.3852
Occupancy,Brown Creeper,cyper,0.0428,0.2362,-0.4281,0.043,0.5021,1.0032,1338,-0.3533,0.4413
Occupancy,Brown Thrasher,cyper,-0.0932,0.2939,-0.6528,-0.0972,0.5054,1.008,1200,-0.5608,0.4022
Occupancy,Black-throated Green Warbler,cyper,-0.1202,0.3139,-0.756,-0.1209,0.5035,1.0038,1200,-0.6453,0.3776
Occupancy,Broad-winged Hawk,cyper,-0.2263,0.2883,-0.7903,-0.2176,0.3116,1.0158,1200,-0.7134,0.217
Occupancy,Blue-winged Warbler,cyper,0.1271,0.2698,-0.4,0.1154,0.6739,1,1200,-0.3001,0.593
Occupancy,Canada Goose,cyper,-0.08,0.2693,-0.6094,-0.0785,0.4557,0.9995,1200,-0.5287,0.3593
Occupancy,Carolina Wren,cyper,-0.2285,0.207,-0.6211,-0.2284,0.1848,1.0058,1200,-0.565,0.1148
Occupancy,Cedar Waxwing,cyper,-0.115,0.2056,-0.506,-0.1155,0.2922,1.0089,1200,-0.4402,0.222
Occupancy,Cerulean Warbler,cyper,-0.1105,0.3109,-0.6867,-0.1182,0.5385,0.9995,1200,-0.6139,0.4153
Occupancy,Chipping Sparrow,cyper,0.0107,0.2169,-0.401,0.0118,0.4667,1.0016,1200,-0.329,0.3736
Occupancy,Chimney Swift,cyper,-0.2773,0.2602,-0.7983,-0.2769,0.2146,1.0102,1200,-0.6945,0.1391
Occupancy,Cliff Swallow,cyper,-0.2188,0.3112,-0.84,-0.2127,0.349,1.001,1200,-0.7492,0.2668
Occupancy,Common Grackle,cyper,-0.147,0.2191,-0.5942,-0.1502,0.297,1.0159,1029,-0.5078,0.2283
Occupancy,Cooper's Hawk,cyper,-0.2009,0.2475,-0.6888,-0.2005,0.2744,1.0005,1200,-0.6239,0.2068
Occupancy,Common Yellowthroat,cyper,0.2129,0.1958,-0.177,0.2191,0.5971,1.0038,1363,-0.1006,0.5199
Occupancy,Dark-eyed Junco,cyper,-0.3169,0.2389,-0.8184,-0.3026,0.1195,1.0055,1200,-0.7381,0.0574
Occupancy,Downy Woodpecker,cyper,0.0353,0.2723,-0.4903,0.0357,0.5967,1.0004,1200,-0.4057,0.4814
Occupancy,Eastern Bluebird,cyper,0.2758,0.2489,-0.1928,0.2743,0.797,1.0035,1200,-0.1302,0.6964
Occupancy,Eastern Kingbird,cyper,-0.1624,0.2655,-0.6749,-0.1588,0.3616,1.0047,1200,-0.6086,0.277
Occupancy,Eastern Meadowlark,cyper,-0.2198,0.3022,-0.8361,-0.2154,0.3557,1.013,1286,-0.715,0.2644
Occupancy,Eastern Phoebe,cyper,-0.3033,0.2355,-0.7698,-0.2991,0.1578,1.0146,1200,-0.6951,0.0688
Occupancy,Eastern Towhee,cyper,0.5551,0.2265,0.1279,0.551,1.0026,1.0111,938,0.2025,0.9356
Occupancy,Eastern Wood-Pewee,cyper,-0.0979,0.2397,-0.5984,-0.0995,0.3702,1.0002,1200,-0.4966,0.2939
Occupancy,European Starling,cyper,-0.4284,0.236,-0.9148,-0.4219,0.0042,1.0055,1200,-0.8206,-0.0583
Occupancy,Field Sparrow,cyper,0.2881,0.2489,-0.1612,0.2773,0.7693,1.0136,1100,-0.1072,0.7109
Occupancy,Great Blue Heron,cyper,-0.505,0.3063,-1.1625,-0.4936,0.0393,1.0064,1200,-1.0463,-0.0424
Occupancy,Great Crested Flycatcher,cyper,-0.1422,0.2557,-0.6493,-0.1502,0.3576,1.0004,1200,-0.5377,0.2923
Occupancy,Great Horned Owl,cyper,-0.1886,0.2988,-0.7944,-0.1923,0.3831,1.0112,1200,-0.7026,0.2921
Occupancy,Gray Catbird,cyper,-0.2218,0.1808,-0.5791,-0.222,0.1182,1.0012,1200,-0.5262,0.0693
Occupancy,Green Heron,cyper,-0.0646,0.3054,-0.6813,-0.0654,0.5374,1.0045,1200,-0.5863,0.4117
Occupancy,Hairy Woodpecker,cyper,0.0929,0.264,-0.421,0.0921,0.6216,1.0287,1200,-0.3078,0.5128
Occupancy,Herring Gull,cyper,-0.207,0.3042,-0.8442,-0.2055,0.3881,1.0036,1200,-0.7076,0.2555
Occupancy,Hermit Thrush,cyper,-0.0087,0.2849,-0.5242,-0.021,0.5594,1.002,1200,-0.4519,0.472
Occupancy,House Finch,cyper,-0.226,0.2568,-0.7604,-0.2149,0.2555,1.005,1085,-0.6593,0.1672
Occupancy,House Sparrow,cyper,-0.3647,0.2143,-0.8154,-0.3559,0.0253,1.0057,1200,-0.7267,-0.0227
Occupancy,Hooded Warbler,cyper,0.045,0.1842,-0.3171,0.0342,0.4009,1.0035,1200,-0.2513,0.35
Occupancy,House Wren,cyper,0.1957,0.1744,-0.1514,0.1944,0.529,1.0083,1200,-0.0892,0.4657
Occupancy,Indigo Bunting,cyper,-0.3216,0.1807,-0.6738,-0.3209,0.043,1.0022,1200,-0.6171,-0.0247
Occupancy,Killdeer,cyper,-0.1069,0.2629,-0.6258,-0.1142,0.4011,1.0176,1200,-0.5164,0.3187
Occupancy,Louisiana Waterthrush,cyper,-0.3283,0.2527,-0.8158,-0.3302,0.1462,1.0074,1200,-0.7489,0.0672
Occupancy,Mallard,cyper,-0.2214,0.2746,-0.7757,-0.2184,0.284,1.0029,1200,-0.6813,0.2103
Occupancy,Mourning Dove,cyper,0.075,0.2355,-0.4006,0.0796,0.5304,1.0001,1200,-0.3178,0.4489
Occupancy,Northern Cardinal,cyper,-0.184,0.2388,-0.6567,-0.1903,0.2765,1.0019,1200,-0.5781,0.2139
Occupancy,Northern Flicker,cyper,0.1884,0.2685,-0.3229,0.1854,0.7269,1.0108,1200,-0.2399,0.6332
Occupancy,Northern Parula,cyper,-0.1913,0.3174,-0.8014,-0.1877,0.4461,1.0077,1200,-0.7002,0.3002
Occupancy,Northern Rough-winged Swallow,cyper,-0.4429,0.2831,-1.0426,-0.4395,0.0542,1.002,1200,-0.9207,-0.0159
Occupancy,Orchard Oriole,cyper,-0.2265,0.2596,-0.7324,-0.2303,0.2855,1.0054,1200,-0.6467,0.1955
Occupancy,Ovenbird,cyper,-0.19,0.2517,-0.709,-0.1905,0.2769,1.0018,1200,-0.6075,0.2073
Occupancy,Pileated Woodpecker,cyper,-0.101,0.272,-0.6441,-0.1024,0.4483,1.0201,1200,-0.547,0.3485
Occupancy,Purple Finch,cyper,-0.1661,0.3132,-0.8374,-0.162,0.4113,1.001,1200,-0.6929,0.3141
Occupancy,Purple Martin,cyper,-0.1268,0.3157,-0.7471,-0.1207,0.4789,1.0212,1200,-0.6463,0.3892
Occupancy,Rose-breasted Grosbeak,cyper,-0.2298,0.2338,-0.6747,-0.2269,0.2169,1.001,1200,-0.6048,0.1545
Occupancy,Ring-billed Gull,cyper,-0.3555,0.2625,-0.875,-0.349,0.1307,1.0047,1200,-0.799,0.0591
Occupancy,Red-breasted Nuthatch,cyper,-0.0325,0.3071,-0.6097,-0.0342,0.5692,1.0011,1200,-0.5157,0.4875
Occupancy,Red-bellied Woodpecker,cyper,-0.1725,0.2993,-0.7629,-0.1851,0.4848,1.0005,1200,-0.6577,0.3407
Occupancy,Red-eyed Vireo,cyper,-0.094,0.2326,-0.5377,-0.0857,0.3534,1.0127,1085,-0.4728,0.2906
Occupancy,Red-headed Woodpecker,cyper,-0.1946,0.2788,-0.7679,-0.1799,0.3344,1.0279,1340,-0.6668,0.2541
Occupancy,Rock Pigeon,cyper,-0.2283,0.3051,-0.8382,-0.2256,0.3634,1.0055,1200,-0.7404,0.2487
Occupancy,Red-shouldered Hawk,cyper,-0.068,0.2808,-0.6051,-0.0636,0.4574,1.0042,1200,-0.5314,0.3828
Occupancy,Red-tailed Hawk,cyper,-0.3116,0.2745,-0.868,-0.2953,0.2018,1.0119,1200,-0.7761,0.1263
Occupancy,Ruby-throated Hummingbird,cyper,0.0046,0.2846,-0.5593,0.0088,0.5632,1.0045,1050,-0.4682,0.4506
Occupancy,Red-winged Blackbird,cyper,-0.2423,0.18,-0.5731,-0.2463,0.108,1.0069,1200,-0.5213,0.0535
Occupancy,Savannah Sparrow,cyper,-0.2385,0.3107,-0.8472,-0.2243,0.323,1.0023,1200,-0.7599,0.2417
Occupancy,Scarlet Tanager,cyper,-0.1458,0.2206,-0.592,-0.1457,0.3053,1.0008,1200,-0.5181,0.2058
Occupancy,Song Sparrow,cyper,0.0002,0.1718,-0.3132,-0.0029,0.3415,1.0018,1200,-0.2696,0.2775
Occupancy,Swamp Sparrow,cyper,-0.075,0.2626,-0.5708,-0.0799,0.4348,1.008,1200,-0.4937,0.3561
Occupancy,Tennessee Warbler,cyper,-0.1234,0.3123,-0.7401,-0.1182,0.498,1.0125,1162,-0.6509,0.3812
Occupancy,Tree Swallow,cyper,-0.2796,0.2706,-0.8316,-0.2667,0.2346,1.0099,1200,-0.7391,0.1527
Occupancy,Tufted Titmouse,cyper,-0.1239,0.2651,-0.6471,-0.1208,0.3969,1.0022,1200,-0.5553,0.3114
Occupancy,Turkey Vulture,cyper,-0.0709,0.2733,-0.6038,-0.0735,0.4674,1.0039,1214,-0.5156,0.3722
Occupancy,Veery,cyper,-0.0749,0.2346,-0.5288,-0.0796,0.3714,1.0046,1691,-0.4509,0.3087
Occupancy,Virginia Rail,cyper,-0.1217,0.3143,-0.7617,-0.104,0.4577,1.0058,1200,-0.6594,0.3752
Occupancy,Warbling Vireo,cyper,-0.481,0.232,-0.9702,-0.4652,-0.0483,1.0005,1200,-0.8718,-0.1263
Occupancy,White-breasted Nuthatch,cyper,0.0974,0.2733,-0.4151,0.095,0.6427,1.0033,1200,-0.3389,0.5538
Occupancy,White-eyed Vireo,cyper,-0.0791,0.3254,-0.7024,-0.0804,0.57,1.0039,1200,-0.6118,0.4423
Occupancy,Willow Flycatcher,cyper,0.0766,0.2641,-0.4304,0.078,0.6041,1.0031,1200,-0.3518,0.5097
Occupancy,Wild Turkey,cyper,0.0767,0.2942,-0.5126,0.072,0.6835,1.0035,1200,-0.4012,0.5609
Occupancy,Winter Wren,cyper,-0.0503,0.2857,-0.6157,-0.0621,0.5208,0.9994,1200,-0.5128,0.4497
Occupancy,Wood Duck,cyper,-0.1618,0.3042,-0.7148,-0.1605,0.4479,1.007,1200,-0.6517,0.3533
Occupancy,Wood Thrush,cyper,-0.033,0.1957,-0.4105,-0.047,0.3593,1.0016,1200,-0.3427,0.2965
Occupancy,Yellow-billed Cuckoo,cyper,-0.1848,0.2932,-0.7712,-0.1886,0.3982,1.0191,870,-0.6775,0.2869
Occupancy,Yellow Warbler,cyper,-0.2176,0.2113,-0.6389,-0.2165,0.1915,1.0022,1200,-0.5462,0.1256
Occupancy,Yellow-throated Vireo,cyper,-0.0745,0.2526,-0.5738,-0.0756,0.4328,1.0096,1200,-0.5079,0.3385
Occupancy,Yellow-throated Warbler,cyper,-0.4084,0.2917,-0.9999,-0.3958,0.1131,0.999,1014,-0.9057,0.0359
Occupancy,Acadian Flycatcher,small_tree,0.0545,0.1347,-0.214,0.0615,0.315,1.0045,1200,-0.1698,0.2664
Occupancy,Alder Flycatcher,small_tree,0.1438,0.1753,-0.1881,0.1386,0.4962,1.0118,1306,-0.1394,0.4224
Occupancy,American Crow,small_tree,0.1305,0.1392,-0.1398,0.1328,0.4155,1.0019,1200,-0.1013,0.3554
Occupancy,American Goldfinch,small_tree,-0.0185,0.171,-0.387,-0.0064,0.3016,1.0013,1200,-0.3017,0.2464
Occupancy,American Kestrel,small_tree,0.0741,0.1811,-0.307,0.073,0.4122,1.0008,1200,-0.2344,0.3635
Occupancy,American Redstart,small_tree,0.047,0.1715,-0.3109,0.0537,0.3746,1.0085,1200,-0.2445,0.3139
Occupancy,American Robin,small_tree,0.1178,0.1579,-0.1905,0.1201,0.4358,1.0034,1053,-0.1475,0.3761
Occupancy,American Woodcock,small_tree,0.1644,0.1813,-0.1749,0.1594,0.5009,1.0086,1200,-0.1312,0.4496
Occupancy,Barred Owl,small_tree,0.0744,0.1741,-0.2758,0.075,0.4113,1.0015,1287,-0.2151,0.354
Occupancy,Bald Eagle,small_tree,0.1223,0.1748,-0.22,0.119,0.4642,1.0103,1200,-0.172,0.4147
Occupancy,Bank Swallow,small_tree,0.081,0.1751,-0.2766,0.0779,0.4109,1.0072,1200,-0.2039,0.3647
Occupancy,Baltimore Oriole,small_tree,0.1239,0.1524,-0.1689,0.1244,0.4349,1.0037,1327,-0.1213,0.3834
Occupancy,Barn Swallow,small_tree,0.0863,0.1646,-0.2505,0.0905,0.3954,1.001,1200,-0.1793,0.335
Occupancy,Black-capped Chickadee,small_tree,0.0767,0.1694,-0.2524,0.0789,0.4164,0.9997,1200,-0.1896,0.3351
Occupancy,Belted Kingfisher,small_tree,0.0231,0.17,-0.3197,0.0249,0.3447,1.0001,1238,-0.2606,0.2967
Occupancy,Blue-gray Gnatcatcher,small_tree,0.1311,0.1482,-0.1547,0.1262,0.4163,1.001,1200,-0.1015,0.3695
Occupancy,Brown-headed Cowbird,small_tree,0.1153,0.1681,-0.2143,0.1141,0.4527,1.0075,1200,-0.1513,0.3948
Occupancy,Blue-headed Vireo,small_tree,0.0674,0.1713,-0.2932,0.0744,0.4004,1.0085,1102,-0.22,0.349
Occupancy,Blue Jay,small_tree,0.2421,0.1617,-0.0669,0.2366,0.581,1.0015,1200,-0.0117,0.5044
Occupancy,Bobolink,small_tree,0.0779,0.1779,-0.2822,0.0795,0.4178,1.0053,1200,-0.222,0.3524
Occupancy,Brown Creeper,small_tree,0.0911,0.1652,-0.2311,0.0877,0.416,1.016,1200,-0.1735,0.3541
Occupancy,Brown Thrasher,small_tree,-0.0326,0.1836,-0.4092,-0.0292,0.3161,1.0013,1200,-0.3348,0.2661
Occupancy,Black-throated Green Warbler,small_tree,0.0748,0.1733,-0.269,0.072,0.4132,1.0067,1200,-0.2164,0.3491
Occupancy,Broad-winged Hawk,small_tree,0.0222,0.1787,-0.3435,0.0288,0.3552,1.0089,1338,-0.2827,0.3093
Occupancy,Blue-winged Warbler,small_tree,0.1095,0.1617,-0.2073,0.1113,0.4245,1.0049,1200,-0.1607,0.3856
Occupancy,Canada Goose,small_tree,0.0517,0.1751,-0.3039,0.0525,0.3926,1.0243,1397,-0.2281,0.3414
Occupancy,Carolina Wren,small_tree,0.1975,0.1572,-0.1126,0.1922,0.5022,1.0144,1200,-0.0579,0.4662
Occupancy,Cedar Waxwing,small_tree,-0.063,0.1591,-0.3932,-0.0639,0.2333,1.0016,1243,-0.3288,0.1897
Occupancy,Cerulean Warbler,small_tree,0.0838,0.1812,-0.274,0.0833,0.4481,1.0079,1200,-0.212,0.372
Occupancy,Chipping Sparrow,small_tree,0.1017,0.153,-0.2068,0.0991,0.4062,1.0117,1630,-0.139,0.3574
Occupancy,Chimney Swift,small_tree,-0.0218,0.1734,-0.3601,-0.0254,0.3227,1.0005,1305,-0.3006,0.2546
Occupancy,Cliff Swallow,small_tree,0.0354,0.1783,-0.3264,0.0366,0.3765,1.0056,1200,-0.2651,0.3139
Occupancy,Common Grackle,small_tree,0.1191,0.1643,-0.1876,0.1179,0.4561,1.0069,1200,-0.1433,0.386
Occupancy,Cooper's Hawk,small_tree,0.0778,0.1613,-0.2317,0.0777,0.4005,1.0105,1200,-0.1841,0.3361
Occupancy,Common Yellowthroat,small_tree,0.0863,0.1366,-0.1719,0.0839,0.3652,1.0006,1200,-0.125,0.311
Occupancy,Dark-eyed Junco,small_tree,0.0668,0.1618,-0.2429,0.0638,0.3865,1.01,1200,-0.187,0.3268
Occupancy,Downy Woodpecker,small_tree,0.0031,0.1729,-0.366,0.0092,0.3298,1.0004,1068,-0.2932,0.2705
Occupancy,Eastern Bluebird,small_tree,0.0806,0.1568,-0.2519,0.0854,0.3846,0.9997,1200,-0.1885,0.3317
Occupancy,Eastern Kingbird,small_tree,0.147,0.1596,-0.1534,0.1434,0.4511,1.0024,1437,-0.1024,0.4043
Occupancy,Eastern Meadowlark,small_tree,0.0938,0.1725,-0.2681,0.0989,0.4465,1.0041,1200,-0.1954,0.3673
Occupancy,Eastern Phoebe,small_tree,0.0257,0.163,-0.3117,0.0291,0.3209,1.0106,1200,-0.2463,0.2931
Occupancy,Eastern Towhee,small_tree,0.1431,0.1466,-0.1403,0.1422,0.4388,1.0019,1200,-0.0851,0.3817
Occupancy,Eastern Wood-Pewee,small_tree,0.1729,0.1517,-0.1367,0.167,0.4891,1.0159,1200,-0.0697,0.4224
Occupancy,European Starling,small_tree,-0.0284,0.1482,-0.3098,-0.0297,0.2567,1.0028,1200,-0.2669,0.2175
Occupancy,Field Sparrow,small_tree,0.0364,0.1534,-0.2771,0.0417,0.3341,1.0016,1200,-0.2151,0.2852
Occupancy,Great Blue Heron,small_tree,0.076,0.1645,-0.2527,0.077,0.3811,1.0055,1200,-0.188,0.3384
Occupancy,Great Crested Flycatcher,small_tree,0.0407,0.1669,-0.2909,0.0442,0.3649,1.001,1200,-0.2303,0.3198
Occupancy,Great Horned Owl,small_tree,0.0611,0.1764,-0.3094,0.0674,0.3995,1.0044,1397,-0.2411,0.3428
Occupancy,Gray Catbird,small_tree,0.0975,0.1324,-0.1671,0.0984,0.3582,1.0019,1200,-0.1153,0.3172
Occupancy,Green Heron,small_tree,0.1093,0.1834,-0.25,0.1037,0.4807,1.0058,1200,-0.1912,0.3952
Occupancy,Hairy Woodpecker,small_tree,0.1905,0.174,-0.14,0.1887,0.5546,1.0077,1200,-0.0841,0.4781
Occupancy,Herring Gull,small_tree,0.0905,0.1737,-0.2537,0.0834,0.4513,1.0013,1200,-0.1805,0.3794
Occupancy,Hermit Thrush,small_tree,0.0721,0.1829,-0.2921,0.0677,0.452,1.0065,1200,-0.2291,0.3742
Occupancy,House Finch,small_tree,0.1225,0.1613,-0.1817,0.1198,0.4537,1.0406,1200,-0.1394,0.3986
Occupancy,House Sparrow,small_tree,0.0871,0.1487,-0.2056,0.0877,0.369,1.0169,1200,-0.1552,0.3278
Occupancy,Hooded Warbler,small_tree,0.0043,0.142,-0.2881,0.0084,0.2776,1.0026,1350,-0.2382,0.239
Occupancy,House Wren,small_tree,0.2513,0.1334,-0.0028,0.2487,0.5216,1.005,1200,0.0374,0.4783
Occupancy,Indigo Bunting,small_tree,0.0767,0.135,-0.1775,0.0759,0.3509,0.9995,1364,-0.1391,0.3039
Occupancy,Killdeer,small_tree,0.1227,0.1688,-0.2033,0.1212,0.471,1.0029,1200,-0.1577,0.3953
Occupancy,Louisiana Waterthrush,small_tree,0.1183,0.1613,-0.1923,0.1162,0.4389,0.9993,1200,-0.1346,0.3769
Occupancy,Mallard,small_tree,0.0558,0.1681,-0.2806,0.0594,0.3793,1.0061,1200,-0.2199,0.323
Occupancy,Mourning Dove,small_tree,0.1477,0.1571,-0.1679,0.1419,0.4703,1.0041,1200,-0.1103,0.4026
Occupancy,Northern Cardinal,small_tree,0.0479,0.1615,-0.2529,0.0481,0.369,1.0165,1200,-0.2218,0.3184
Occupancy,Northern Flicker,small_tree,0.0567,0.1634,-0.2627,0.0657,0.379,1.0031,1200,-0.21,0.3288
Occupancy,Northern Parula,small_tree,0.068,0.1857,-0.2882,0.0677,0.4384,1.0049,1200,-0.2344,0.3788
Occupancy,Northern Rough-winged Swallow,small_tree,0.0104,0.1756,-0.3459,0.0095,0.3493,1.0096,1200,-0.2842,0.2953
Occupancy,Orchard Oriole,small_tree,0.0405,0.1575,-0.2713,0.0424,0.3531,0.9998,1200,-0.2182,0.2952
Occupancy,Ovenbird,small_tree,0.049,0.1661,-0.2832,0.0473,0.3781,1.0081,1098,-0.2288,0.3266
Occupancy,Pileated Woodpecker,small_tree,0.0777,0.1622,-0.2427,0.0728,0.402,1.0049,1200,-0.183,0.3425
Occupancy,Purple Finch,small_tree,0.068,0.1768,-0.2622,0.0658,0.4256,0.9998,1200,-0.2077,0.3595
Occupancy,Purple Martin,small_tree,0.0851,0.1792,-0.266,0.0852,0.4288,1.0208,1200,-0.207,0.3681
Occupancy,Rose-breasted Grosbeak,small_tree,-0.0084,0.1703,-0.3381,-0.0042,0.3354,1.0014,1200,-0.2754,0.2653
Occupancy,Ring-billed Gull,small_tree,0.0635,0.1602,-0.2566,0.0654,0.3646,1.0049,963,-0.2016,0.3163
Occupancy,Red-breasted Nuthatch,small_tree,0.0765,0.1839,-0.2963,0.0776,0.4136,1.0096,902,-0.2161,0.3689
Occupancy,Red-bellied Woodpecker,small_tree,0.0478,0.1698,-0.2855,0.0462,0.3978,1.0033,1200,-0.2308,0.3216
Occupancy,Red-eyed Vireo,small_tree,-0.0657,0.1568,-0.3956,-0.0596,0.2273,1.0095,776,-0.3434,0.1822
Occupancy,Red-headed Woodpecker,small_tree,0.0736,0.1725,-0.2618,0.0656,0.4112,1.0055,944,-0.2034,0.3647
Occupancy,Rock Pigeon,small_tree,0.0677,0.173,-0.2655,0.0617,0.4417,1.0059,1200,-0.2009,0.3646
Occupancy,Red-shouldered Hawk,small_tree,0.1838,0.1748,-0.1406,0.1795,0.5348,1.0024,1096,-0.0892,0.4795
Occupancy,Red-tailed Hawk,small_tree,0.129,0.1665,-0.1887,0.1167,0.4736,1.0117,1097,-0.1341,0.4154
Occupancy,Ruby-throated Hummingbird,small_tree,0.0484,0.1869,-0.3166,0.051,0.4148,1.0013,1090,-0.254,0.3664
Occupancy,Red-winged Blackbird,small_tree,0.1247,0.1286,-0.1174,0.1219,0.3793,1.0051,1305,-0.0831,0.3343
Occupancy,Savannah Sparrow,small_tree,0.09,0.1772,-0.2543,0.0927,0.4446,1.001,1200,-0.1992,0.3801
Occupancy,Scarlet Tanager,small_tree,0.0686,0.1511,-0.2317,0.0655,0.3679,1.0022,1200,-0.1766,0.3241
Occupancy,Song Sparrow,small_tree,0.1321,0.1318,-0.1243,0.1281,0.3794,1.001,1200,-0.0858,0.3509
Occupancy,Swamp Sparrow,small_tree,0.0473,0.1621,-0.2752,0.0476,0.3655,1.0101,1061,-0.2247,0.3149
Occupancy,Tennessee Warbler,small_tree,0.0819,0.1768,-0.2705,0.0822,0.4233,1.0041,1199,-0.2118,0.3782
Occupancy,Tree Swallow,small_tree,0.056,0.1605,-0.2725,0.0596,0.3766,1.0235,1200,-0.2032,0.318
Occupancy,Tufted Titmouse,small_tree,0.1047,0.17,-0.1998,0.0957,0.4585,0.9999,1200,-0.1526,0.3912
Occupancy,Turkey Vulture,small_tree,0.0532,0.1704,-0.2751,0.0557,0.4064,1.0016,1200,-0.2332,0.323
Occupancy,Veery,small_tree,0.1144,0.1619,-0.2017,0.1104,0.4225,1.0039,1200,-0.154,0.3678
Occupancy,Virginia Rail,small_tree,0.0717,0.1744,-0.2853,0.0733,0.3961,1.0081,1200,-0.2094,0.3491
Occupancy,Warbling Vireo,small_tree,0.0397,0.1469,-0.2518,0.0426,0.3222,1.013,1320,-0.2002,0.2724
Occupancy,White-breasted Nuthatch,small_tree,0.1109,0.1668,-0.2168,0.1074,0.4453,1.005,1429,-0.155,0.3895
Occupancy,White-eyed Vireo,small_tree,0.082,0.1742,-0.2489,0.0795,0.4298,1.0053,1200,-0.2093,0.3684
Occupancy,Willow Flycatcher,small_tree,0.0188,0.159,-0.2922,0.0237,0.3209,1.0138,1200,-0.2487,0.2733
Occupancy,Wild Turkey,small_tree,0.0616,0.1688,-0.2434,0.0616,0.3983,1.0063,1084,-0.1994,0.3443
Occupancy,Winter Wren,small_tree,0.0274,0.18,-0.3308,0.0249,0.3921,1.0068,1200,-0.2729,0.3339
Occupancy,Wood Duck,small_tree,0.0921,0.1741,-0.2688,0.0986,0.4153,1.0038,1013,-0.1941,0.3745
Occupancy,Wood Thrush,small_tree,0.0015,0.1399,-0.2759,0.0022,0.2745,1,1200,-0.227,0.2256
Occupancy,Yellow-billed Cuckoo,small_tree,0.0849,0.1767,-0.268,0.0841,0.4244,1.0064,1085,-0.2065,0.3731
Occupancy,Yellow Warbler,small_tree,0.0489,0.1444,-0.2285,0.0562,0.3276,0.9994,1200,-0.185,0.2791
Occupancy,Yellow-throated Vireo,small_tree,0.0308,0.1715,-0.338,0.0297,0.3589,1.0012,1604,-0.2469,0.3018
Occupancy,Yellow-throated Warbler,small_tree,0.2061,0.181,-0.1299,0.2004,0.558,1.0003,1545,-0.0764,0.5043
Detection,Acadian Flycatcher,Intercept,0.8559,0.1486,0.5711,0.8549,1.1391,1.014,1200,0.6149,1.1013
Detection,Alder Flycatcher,Intercept,-1.6803,1.0818,-3.9565,-1.6492,0.3979,1.0068,774,-3.5009,0.0485
Detection,American Crow,Intercept,-0.6461,0.2495,-1.1413,-0.6432,-0.1807,1.0028,1200,-1.0532,-0.26
Detection,American Goldfinch,Intercept,0.0862,0.13,-0.1676,0.085,0.333,1.0041,1307,-0.1308,0.3003
Detection,American Kestrel,Intercept,-1.6517,1.1396,-4.0415,-1.6429,0.5214,1.0027,789,-3.5178,0.1359
Detection,American Redstart,Intercept,-0.9431,0.5637,-2.1131,-0.9007,0.0955,1.0162,1001,-1.9225,-0.0985
Detection,American Robin,Intercept,0.9972,0.1221,0.7707,0.994,1.2385,1.007,860,0.8052,1.2056
Detection,American Woodcock,Intercept,-0.8992,0.8954,-2.6891,-0.8669,0.7346,1.005,1088,-2.4244,0.5005
Detection,Barred Owl,Intercept,-2.1639,0.9527,-4.1325,-2.136,-0.4899,1.0029,568,-3.7814,-0.7161
Detection,Bald Eagle,Intercept,-1.9618,0.9762,-3.8732,-1.9382,-0.1065,1.0171,801,-3.59,-0.3989
Detection,Bank Swallow,Intercept,-1.796,0.9499,-3.7032,-1.7685,-0.0511,1.0121,868,-3.3785,-0.3129
Detection,Baltimore Oriole,Intercept,-0.748,0.2115,-1.166,-0.7515,-0.3449,1.0222,852,-1.1161,-0.3826
Detection,Barn Swallow,Intercept,-1.5847,0.5805,-2.766,-1.5602,-0.5402,1.0004,1064,-2.5926,-0.6826
Detection,Black-capped Chickadee,Intercept,0.0876,0.117,-0.1466,0.0842,0.3147,1.0085,1069,-0.1009,0.2762
Detection,Belted Kingfisher,Intercept,-1.9464,0.5013,-2.9439,-1.9444,-1.0029,1.0001,789,-2.7783,-1.1158
Detection,Blue-gray Gnatcatcher,Intercept,-0.4405,0.1579,-0.7562,-0.441,-0.1283,1.0029,1200,-0.6991,-0.1809
Detection,Brown-headed Cowbird,Intercept,-0.1638,0.1259,-0.4076,-0.1657,0.0934,1.0014,1200,-0.3663,0.0431
Detection,Blue-headed Vireo,Intercept,-1.7351,1.1585,-4.2388,-1.6907,0.3981,1.0039,470,-3.7351,0.0396
Detection,Blue Jay,Intercept,0.5224,0.1208,0.2966,0.5235,0.7612,0.9998,1200,0.3228,0.7179
Detection,Bobolink,Intercept,-1.438,1.3105,-4.0683,-1.3998,1.1706,0.9996,1015,-3.6129,0.6692
Detection,Brown Creeper,Intercept,-1.1079,0.4613,-2.0977,-1.091,-0.2813,1.0005,1200,-1.905,-0.3984
Detection,Brown Thrasher,Intercept,-1.885,0.7095,-3.2552,-1.8703,-0.5056,1.0048,1200,-3.0672,-0.7515
Detection,Black-throated Green Warbler,Intercept,-1.442,1.2908,-4.0073,-1.4417,1.1058,1.0005,1029,-3.5043,0.6898
Detection,Broad-winged Hawk,Intercept,-1.8539,0.9767,-3.9591,-1.7831,-0.1373,1.0051,640,-3.5751,-0.4137
Detection,Blue-winged Warbler,Intercept,-1.1766,0.6926,-2.6491,-1.1348,0.0618,1.0092,1066,-2.3417,-0.1415
Detection,Canada Goose,Intercept,-2.5041,0.6795,-3.7769,-2.5154,-1.1256,1.0789,347,-3.6185,-1.3964
Detection,Carolina Wren,Intercept,-1.0045,0.2272,-1.4335,-1.0029,-0.5603,1.0143,1095,-1.3624,-0.6522
Detection,Cedar Waxwing,Intercept,-0.8075,0.2222,-1.2364,-0.8065,-0.3888,1.0153,1200,-1.1724,-0.4651
Detection,Cerulean Warbler,Intercept,-1.3859,1.2721,-3.8946,-1.4326,1.0705,1.0028,992,-3.44,0.6526
Detection,Chipping Sparrow,Intercept,-0.9369,0.3519,-1.6873,-0.9265,-0.3096,1.008,1015,-1.5288,-0.381
Detection,Chimney Swift,Intercept,-0.9411,0.2192,-1.3546,-0.9394,-0.5165,1.0046,1069,-1.3064,-0.5902
Detection,Cliff Swallow,Intercept,-1.8339,1.171,-4.2336,-1.8234,0.493,1.0105,575,-3.7678,0.0091
Detection,Common Grackle,Intercept,-1.2356,0.2438,-1.7179,-1.2323,-0.7655,0.999,1200,-1.6245,-0.8316
Detection,Cooper's Hawk,Intercept,-1.1689,0.6426,-2.5406,-1.1361,0.0137,1.0025,1028,-2.2748,-0.1671
Detection,Common Yellowthroat,Intercept,0.069,0.2104,-0.349,0.0724,0.4741,1.0136,974,-0.2804,0.4176
Detection,Dark-eyed Junco,Intercept,-0.9067,0.3953,-1.696,-0.8906,-0.1585,1.0088,1200,-1.5798,-0.2776
Detection,Downy Woodpecker,Intercept,-0.0506,0.1334,-0.3112,-0.049,0.2104,0.9992,1200,-0.2719,0.1754
Detection,Eastern Bluebird,Intercept,-1.447,0.4047,-2.2694,-1.4296,-0.7186,1.0035,870,-2.1611,-0.8111
Detection,Eastern Kingbird,Intercept,-0.4259,0.517,-1.5464,-0.4235,0.5727,1.0038,1381,-1.2988,0.4035
Detection,Eastern Meadowlark,Intercept,-0.8028,0.9109,-2.7117,-0.7894,0.9283,1.0128,1200,-2.408,0.6056
Detection,Eastern Phoebe,Intercept,-1.177,0.462,-2.1495,-1.1562,-0.3199,1.0172,885,-1.9783,-0.4594
Detection,Eastern Towhee,Intercept,-0.5106,0.2612,-1.0487,-0.4902,-0.0459,0.9999,1200,-0.9637,-0.1007
Detection,Eastern Wood-Pewee,Intercept,1.0331,0.1223,0.8052,1.025,1.2693,1.0424,1200,0.8365,1.2446
Detection,European Starling,Intercept,-0.5281,0.3421,-1.2287,-0.5265,0.1446,1.0038,1200,-1.0996,0.019
Detection,Field Sparrow,Intercept,0.7412,0.3972,-0.0174,0.7342,1.4963,1.0017,2673,0.0827,1.3746
Detection,Great Blue Heron,Intercept,-1.8095,0.7331,-3.3606,-1.7371,-0.5433,1.0045,629,-3.0903,-0.7061
Detection,Great Crested Flycatcher,Intercept,-1.0946,0.1917,-1.4573,-1.0999,-0.715,1.0035,968,-1.3915,-0.7678
Detection,Great Horned Owl,Intercept,-1.832,1.0549,-4.0314,-1.7836,0.1305,1.0036,841,-3.6791,-0.1941
Detection,Gray Catbird,Intercept,0.1453,0.1616,-0.1657,0.1419,0.4571,1.0039,1318,-0.1213,0.4144
Detection,Green Heron,Intercept,-1.593,1.1909,-4.1783,-1.5151,0.4943,1.0243,703,-3.7374,0.2088
Detection,Hairy Woodpecker,Intercept,-1.8215,0.2668,-2.2992,-1.8303,-1.2858,1.0337,844,-2.2324,-1.3771
Detection,Herring Gull,Intercept,-0.4965,0.9868,-2.438,-0.4534,1.3482,1.0028,1200,-2.1596,1.0347
Detection,Hermit Thrush,Intercept,0.4861,0.8077,-1.128,0.5282,1.926,1.004,1200,-0.9335,1.7616
Detection,House Finch,Intercept,-1.7819,0.435,-2.5936,-1.7881,-0.9359,1.0046,792,-2.4739,-1.0826
Detection,House Sparrow,Intercept,-0.2879,0.2938,-0.8772,-0.2866,0.269,1.0007,1200,-0.7804,0.1639
Detection,Hooded Warbler,Intercept,0.1743,0.199,-0.2247,0.1791,0.5526,1.009,1200,-0.1571,0.5033
Detection,House Wren,Intercept,0.4696,0.1582,0.1633,0.4669,0.7716,1.0013,1266,0.2166,0.7288
Detection,Indigo Bunting,Intercept,0.0818,0.1708,-0.2602,0.0756,0.4212,1.0052,1200,-0.199,0.3729
Detection,Killdeer,Intercept,-1.0453,0.6136,-2.2869,-1.0078,0.0688,0.9999,1200,-2.1049,-0.1194
Detection,Louisiana Waterthrush,Intercept,-0.94,0.5136,-2.0078,-0.9096,-0.0361,1.0013,1011,-1.788,-0.1809
Detection,Mallard,Intercept,-1.7359,0.7859,-3.3455,-1.6909,-0.3597,1.0031,814,-3.1162,-0.5348
Detection,Mourning Dove,Intercept,-1.373,0.3681,-2.0711,-1.3741,-0.6674,1.0053,1200,-1.9661,-0.7663
Detection,Northern Cardinal,Intercept,0.8344,0.1191,0.5972,0.8311,1.0709,1.0017,1200,0.6361,1.0377
Detection,Northern Flicker,Intercept,-1.6065,0.3053,-2.1755,-1.6071,-0.9734,1.0042,910,-2.0942,-1.089
Detection,Northern Parula,Intercept,-1.6832,1.1421,-4.2563,-1.6343,0.255,1.0323,488,-3.5748,0.0412
Detection,Northern Rough-winged Swallow,Intercept,-1.5844,0.6047,-2.7914,-1.5544,-0.4731,1.0101,1000,-2.5867,-0.6355
Detection,Orchard Oriole,Intercept,-1.0778,0.422,-1.8805,-1.0781,-0.248,1.002,1604,-1.7999,-0.3794
Detection,Ovenbird,Intercept,-0.2175,0.4368,-1.1273,-0.2156,0.5808,1.0148,1200,-0.9343,0.4676
Detection,Pileated Woodpecker,Intercept,-1.7939,0.2926,-2.2978,-1.8102,-1.166,1.0082,641,-2.2343,-1.2863
Detection,Purple Finch,Intercept,-1.6809,1.0879,-3.914,-1.6493,0.2856,1.0167,723,-3.5577,-0.0449
Detection,Purple Martin,Intercept,-1.4131,1.3189,-3.9484,-1.3748,1.1866,1.0129,1021,-3.5764,0.7412
Detection,Rose-breasted Grosbeak,Intercept,-1.282,0.3193,-1.9175,-1.27,-0.6775,1.0029,831,-1.8427,-0.7788
Detection,Ring-billed Gull,Intercept,-0.8425,0.5527,-2.0342,-0.8117,0.1539,1.0151,1053,-1.8149,0.0483
Detection,Red-breasted Nuthatch,Intercept,-1.6912,1.0299,-3.7721,-1.6668,0.2901,0.9998,1092,-3.4807,-0.0126
Detection,Red-bellied Woodpecker,Intercept,0.358,0.1095,0.1533,0.358,0.5727,1.0065,1337,0.1751,0.5368
Detection,Red-eyed Vireo,Intercept,0.9842,0.1144,0.7577,0.9844,1.214,1.0289,1200,0.7968,1.1759
Detection,Red-headed Woodpecker,Intercept,-1.7817,0.7618,-3.3543,-1.7806,-0.3696,1.0035,998,-3.0924,-0.5619
Detection,Rock Pigeon,Intercept,-1.8682,1.0688,-4.204,-1.7956,0.0074,1.0131,390,-3.8042,-0.2173
Detection,Red-shouldered Hawk,Intercept,-2.6582,0.6272,-3.7285,-2.7091,-1.3702,1.0173,304,-3.5864,-1.5345
Detection,Red-tailed Hawk,Intercept,-2.2143,0.645,-3.5314,-2.1812,-0.9582,1.007,490,-3.3509,-1.2028
Detection,Ruby-throated Hummingbird,Intercept,-2.4333,0.2846,-2.9329,-2.4539,-1.8577,1.0373,902,-2.8739,-1.94
Detection,Red-winged Blackbird,Intercept,0.5903,0.1916,0.2026,0.5902,0.9475,1.0089,1200,0.2714,0.8971
Detection,Savannah Sparrow,Intercept,-0.5067,1.0106,-2.7329,-0.4332,1.3259,1.0015,1349,-2.3171,1.0247
Detection,Scarlet Tanager,Intercept,-0.5856,0.1716,-0.9223,-0.5863,-0.2433,1.0057,1399,-0.8711,-0.2987
Detection,Song Sparrow,Intercept,0.8693,0.146,0.5956,0.8656,1.1601,1.0009,1314,0.6389,1.1146
Detection,Swamp Sparrow,Intercept,0.3463,0.5693,-0.725,0.3509,1.4224,0.9998,1200,-0.5969,1.2625
Detection,Tennessee Warbler,Intercept,-1.4823,1.2862,-4.0232,-1.4338,1.0263,1.0003,727,-3.628,0.5522
Detection,Tree Swallow,Intercept,-0.7958,0.5272,-1.8733,-0.7727,0.1861,1.0165,1236,-1.6869,0.0456
Detection,Tufted Titmouse,Intercept,0.6432,0.1151,0.4151,0.6407,0.8744,0.9996,1200,0.4561,0.8332
Detection,Turkey Vulture,Intercept,-2.3918,0.6017,-3.443,-2.421,-1.1466,1.0011,713,-3.2951,-1.3724
Detection,Veery,Intercept,-1.2335,0.5002,-2.2542,-1.2252,-0.2688,1.0012,1097,-2.0955,-0.4161
Detection,Virginia Rail,Intercept,-1.4301,1.2677,-3.7279,-1.4512,1.1068,1.0044,1082,-3.413,0.6684
Detection,Warbling Vireo,Intercept,-0.0566,0.281,-0.6227,-0.0449,0.4646,1.009,1075,-0.5466,0.3785
Detection,White-breasted Nuthatch,Intercept,-0.2897,0.1229,-0.5224,-0.2893,-0.0426,1.0067,1200,-0.4867,-0.0876
Detection,White-eyed Vireo,Intercept,0.2124,1.0107,-1.7504,0.2203,2.218,1.0018,1378,-1.3907,1.834
Detection,Willow Flycatcher,Intercept,-0.2279,0.4518,-1.1178,-0.2333,0.631,1.0007,1200,-0.984,0.5102
Detection,Wild Turkey,Intercept,-2.3577,1.026,-4.4212,-2.2277,-0.5249,1.0094,244,-4.1271,-0.7692
Detection,Winter Wren,Intercept,-0.8831,0.9195,-2.763,-0.8524,0.8266,1.0072,1200,-2.4375,0.6038
Detection,Wood Duck,Intercept,-1.9487,0.9762,-4.0137,-1.9041,-0.1195,1.0112,758,-3.6099,-0.4563
Detection,Wood Thrush,Intercept,-0.2238,0.1542,-0.5331,-0.2192,0.0651,1.0025,1200,-0.4865,0.0284
Detection,Yellow-billed Cuckoo,Intercept,-2.4308,0.866,-4.1375,-2.3516,-0.8437,1.015,439,-3.8835,-1.0517
Detection,Yellow Warbler,Intercept,-0.0747,0.2196,-0.5273,-0.081,0.3536,0.9998,1200,-0.4413,0.2917
Detection,Yellow-throated Vireo,Intercept,-1.5489,0.5486,-2.7126,-1.5004,-0.6033,1.0109,783,-2.546,-0.7386
Detection,Yellow-throated Warbler,Intercept,-1.3813,0.7168,-2.831,-1.3521,-0.1828,0.9999,1200,-2.6266,-0.3127
Detection,Acadian Flycatcher,day,0.1026,0.1255,-0.1482,0.1016,0.3477,1.0017,1132,-0.1065,0.3107
Detection,Alder Flycatcher,day,0.1481,0.1864,-0.2255,0.1487,0.5221,1.0051,2082,-0.1566,0.4688
Detection,American Crow,day,0.2722,0.1209,0.0325,0.2709,0.5067,1,1200,0.0746,0.4776
Detection,American Goldfinch,day,0.1227,0.0935,-0.0691,0.1233,0.2949,1.0032,1200,-0.0327,0.2717
Detection,American Kestrel,day,0.1463,0.1946,-0.2306,0.1425,0.5125,1,1200,-0.163,0.4623
Detection,American Redstart,day,0.253,0.1843,-0.1141,0.2557,0.611,1.0068,1200,-0.0499,0.5485
Detection,American Robin,day,0.2043,0.101,0.0104,0.2035,0.3985,1.0121,1200,0.0492,0.3725
Detection,American Woodcock,day,0.1518,0.1954,-0.2041,0.1541,0.5291,1.0057,1257,-0.1531,0.4795
Detection,Barred Owl,day,0.2032,0.1915,-0.1609,0.2044,0.5966,1.0031,1200,-0.0997,0.5248
Detection,Bald Eagle,day,0.1967,0.1866,-0.1656,0.1999,0.5562,1.0033,1418,-0.1096,0.4964
Detection,Bank Swallow,day,0.158,0.1848,-0.2137,0.1575,0.5207,1.0013,1200,-0.1417,0.4551
Detection,Baltimore Oriole,day,0.0867,0.1257,-0.1536,0.0859,0.3362,1,1200,-0.1127,0.295
Detection,Barn Swallow,day,0.0642,0.166,-0.2617,0.0644,0.3993,1.0084,1200,-0.2116,0.3327
Detection,Black-capped Chickadee,day,0.0711,0.0904,-0.1141,0.0703,0.2438,1.0065,1200,-0.0804,0.218
Detection,Belted Kingfisher,day,0.1686,0.1431,-0.1267,0.1689,0.4499,1.002,1200,-0.065,0.397
Detection,Blue-gray Gnatcatcher,day,-0.0333,0.114,-0.2539,-0.0344,0.197,1.0036,1200,-0.2174,0.1584
Detection,Brown-headed Cowbird,day,0.368,0.0978,0.1782,0.3705,0.5592,1,1200,0.2083,0.5268
Detection,Blue-headed Vireo,day,0.1632,0.195,-0.2171,0.1741,0.5375,0.9993,1320,-0.1711,0.4793
Detection,Blue Jay,day,0.0654,0.0953,-0.114,0.064,0.253,1,1200,-0.0872,0.2266
Detection,Bobolink,day,0.1712,0.1931,-0.2263,0.173,0.5382,1.0121,1200,-0.1542,0.4783
Detection,Brown Creeper,day,0.1818,0.1735,-0.1647,0.1838,0.5091,1.0024,1200,-0.0896,0.4545
Detection,Brown Thrasher,day,0.1338,0.1802,-0.221,0.1362,0.4843,0.9997,1200,-0.1772,0.431
Detection,Black-throated Green Warbler,day,0.1548,0.1937,-0.2259,0.1531,0.5481,1.0031,1200,-0.1679,0.4663
Detection,Broad-winged Hawk,day,0.1621,0.1894,-0.1965,0.1606,0.5382,1.0186,1418,-0.1479,0.4763
Detection,Blue-winged Warbler,day,0.1574,0.184,-0.1982,0.1609,0.5044,1.0119,1200,-0.1466,0.448
Detection,Canada Goose,day,0.0535,0.1704,-0.3054,0.0578,0.3745,1.0014,1399,-0.2416,0.3191
Detection,Carolina Wren,day,0.4408,0.138,0.1845,0.4434,0.7262,1.0004,1200,0.2159,0.6782
Detection,Cedar Waxwing,day,0.2093,0.1282,-0.0382,0.2082,0.4662,1.018,1200,0.0021,0.4224
Detection,Cerulean Warbler,day,0.1657,0.1951,-0.2362,0.1645,0.5388,1.0055,1200,-0.1567,0.4793
Detection,Chipping Sparrow,day,0.2249,0.1437,-0.0687,0.226,0.4971,1.0059,1200,-0.0208,0.4537
Detection,Chimney Swift,day,0.0713,0.1091,-0.1406,0.0673,0.2809,1.0048,1200,-0.1062,0.2508
Detection,Cliff Swallow,day,0.1672,0.1905,-0.2114,0.1697,0.5544,1.0028,1200,-0.1527,0.4677
Detection,Common Grackle,day,0.3879,0.1238,0.157,0.3868,0.6386,1.0038,1200,0.1841,0.5928
Detection,Cooper's Hawk,day,0.216,0.1767,-0.1251,0.2158,0.5579,0.9997,1200,-0.0718,0.5086
Detection,Common Yellowthroat,day,0.1235,0.1422,-0.1657,0.1253,0.4012,1.0042,1200,-0.1133,0.3525
Detection,Dark-eyed Junco,day,0.0273,0.1809,-0.3346,0.0317,0.3641,1.0253,1200,-0.2723,0.3136
Detection,Downy Woodpecker,day,0.347,0.0957,0.1574,0.3475,0.5397,1.0099,1200,0.1918,0.5072
Detection,Eastern Bluebird,day,0.1486,0.1557,-0.1311,0.1421,0.4661,1.0031,1200,-0.0902,0.4146
Detection,Eastern Kingbird,day,0.0667,0.1789,-0.2974,0.0679,0.4033,1.0131,1460,-0.2254,0.3529
Detection,Eastern Meadowlark,day,0.1259,0.2009,-0.2905,0.137,0.5066,1.0065,1390,-0.2161,0.4346
Detection,Eastern Phoebe,day,-0.0711,0.1822,-0.4337,-0.0646,0.2845,1.0021,1200,-0.3803,0.2172
Detection,Eastern Towhee,day,0.1596,0.1501,-0.1362,0.1611,0.4602,1.0123,1200,-0.0911,0.4052
Detection,Eastern Wood-Pewee,day,0.365,0.1063,0.1659,0.3668,0.5759,1.0237,1200,0.1947,0.5401
Detection,European Starling,day,0.0412,0.1599,-0.3012,0.0475,0.3342,0.9993,1269,-0.2311,0.2928
Detection,Field Sparrow,day,0.1501,0.1888,-0.2282,0.1541,0.521,1.0122,1200,-0.1592,0.4475
Detection,Great Blue Heron,day,0.0894,0.181,-0.2791,0.0946,0.4308,1.006,1200,-0.206,0.3712
Detection,Great Crested Flycatcher,day,0.0881,0.1045,-0.1139,0.0853,0.2973,1.0035,1343,-0.0855,0.2626
Detection,Great Horned Owl,day,0.1762,0.19,-0.1962,0.1805,0.5506,1.0095,1200,-0.1439,0.4876
Detection,Gray Catbird,day,0.1497,0.1137,-0.0669,0.1499,0.3709,1.0043,1200,-0.0379,0.3407
Detection,Green Heron,day,0.1501,0.1891,-0.2233,0.1492,0.5222,1.0023,1200,-0.1616,0.4525
Detection,Hairy Woodpecker,day,0.0724,0.1223,-0.1721,0.0758,0.3086,1.0186,1081,-0.1273,0.2684
Detection,Herring Gull,day,0.1231,0.1939,-0.2923,0.1273,0.4831,1.0012,1200,-0.2085,0.4279
Detection,Hermit Thrush,day,0.1121,0.2,-0.2666,0.113,0.5004,1.0031,1200,-0.2217,0.4461
Detection,House Finch,day,0.1895,0.1422,-0.0854,0.1929,0.4671,1.0015,1200,-0.0471,0.4308
Detection,House Sparrow,day,0.0502,0.1457,-0.233,0.0534,0.3349,1.001,1081,-0.1931,0.2878
Detection,Hooded Warbler,day,0.0684,0.1475,-0.243,0.0736,0.3521,1.004,1200,-0.1755,0.3016
Detection,House Wren,day,-0.0599,0.1309,-0.3242,-0.0584,0.1883,1.0004,1200,-0.2793,0.1519
Detection,Indigo Bunting,day,0.2065,0.1249,-0.0332,0.207,0.4631,0.9998,1200,0.0036,0.4073
Detection,Killdeer,day,0.06,0.1795,-0.3259,0.0618,0.3916,1.0006,1200,-0.2429,0.3436
Detection,Louisiana Waterthrush,day,0.1254,0.1759,-0.227,0.1221,0.479,0.9997,1320,-0.1624,0.4244
Detection,Mallard,day,0.1913,0.1757,-0.1602,0.1926,0.5378,1.0012,1058,-0.1032,0.4783
Detection,Mourning Dove,day,0.1652,0.1615,-0.14,0.1656,0.5103,1.0008,1200,-0.1113,0.4264
Detection,Northern Cardinal,day,0.2742,0.1006,0.076,0.274,0.4788,1.0065,1200,0.1178,0.438
Detection,Northern Flicker,day,0.2164,0.122,-0.0086,0.2139,0.4679,1.0089,1202,0.0193,0.4198
Detection,Northern Parula,day,0.1433,0.1843,-0.2473,0.1446,0.5019,1.004,1099,-0.1769,0.4288
Detection,Northern Rough-winged Swallow,day,0.0736,0.1641,-0.2589,0.0755,0.3889,1.0013,1200,-0.1989,0.3388
Detection,Orchard Oriole,day,0.2455,0.1751,-0.0781,0.2365,0.5999,1.0034,1200,-0.0273,0.5457
Detection,Ovenbird,day,0.1446,0.186,-0.2413,0.1438,0.4982,0.9998,1200,-0.1588,0.4547
Detection,Pileated Woodpecker,day,0.1742,0.1271,-0.0623,0.1698,0.4337,1.0192,1178,-0.0212,0.3902
Detection,Purple Finch,day,0.1572,0.1847,-0.1816,0.1577,0.5212,1.0068,1200,-0.1426,0.4694
Detection,Purple Martin,day,0.1713,0.1897,-0.2228,0.1684,0.5644,1.006,1200,-0.1304,0.4815
Detection,Rose-breasted Grosbeak,day,0.1945,0.1314,-0.047,0.1909,0.4561,1.0099,1200,-0.0133,0.4116
Detection,Ring-billed Gull,day,0.0809,0.1704,-0.276,0.0862,0.4034,1.0076,982,-0.2073,0.3465
Detection,Red-breasted Nuthatch,day,0.1572,0.1919,-0.2344,0.156,0.5011,1.0033,1200,-0.1669,0.4609
Detection,Red-bellied Woodpecker,day,0.3016,0.0928,0.1138,0.3019,0.4839,1.0018,1076,0.1497,0.4545
Detection,Red-eyed Vireo,day,0.0857,0.0983,-0.1015,0.0849,0.2857,1.004,1200,-0.0751,0.248
Detection,Red-headed Woodpecker,day,0.2426,0.1777,-0.1131,0.2382,0.588,1.0034,1621,-0.0382,0.5293
Detection,Rock Pigeon,day,0.1367,0.1888,-0.2219,0.1336,0.5122,1.0062,1200,-0.1713,0.4518
Detection,Red-shouldered Hawk,day,0.0343,0.1661,-0.2966,0.0379,0.3347,1.0045,1200,-0.2536,0.2892
Detection,Red-tailed Hawk,day,0.2849,0.1673,-0.0447,0.2829,0.609,0.9998,1200,0.01,0.5554
Detection,Ruby-throated Hummingbird,day,0.3799,0.1376,0.1136,0.3745,0.6541,1.0087,1200,0.1549,0.6124
Detection,Red-winged Blackbird,day,0.2452,0.1381,-0.0285,0.2415,0.5276,1.0099,1200,0.0135,0.4847
Detection,Savannah Sparrow,day,0.12,0.1844,-0.218,0.1166,0.4687,1.0028,1200,-0.1613,0.4346
Detection,Scarlet Tanager,day,0.0415,0.1094,-0.1657,0.0374,0.2559,1.0059,1200,-0.139,0.2204
Detection,Song Sparrow,day,0.1996,0.1178,-0.0399,0.1964,0.4334,1.0037,1200,0.0063,0.3898
Detection,Swamp Sparrow,day,0.1783,0.18,-0.1826,0.1796,0.5423,1.0078,797,-0.1088,0.4855
Detection,Tennessee Warbler,day,0.1517,0.1959,-0.228,0.1566,0.5295,1.0011,1200,-0.1706,0.4628
Detection,Tree Swallow,day,0.1595,0.1795,-0.1912,0.1611,0.5162,1.0034,1200,-0.1504,0.4478
Detection,Tufted Titmouse,day,0.3879,0.0954,0.2078,0.3868,0.5791,1.0047,1200,0.2276,0.5399
Detection,Turkey Vulture,day,0.0627,0.1724,-0.2666,0.0682,0.3897,1.006,1086,-0.2168,0.3268
Detection,Veery,day,0.2092,0.1625,-0.1016,0.2109,0.5347,1.0104,819,-0.0487,0.478
Detection,Virginia Rail,day,0.1539,0.1884,-0.2225,0.1546,0.5086,1.0065,1200,-0.1551,0.4479
Detection,Warbling Vireo,day,0.2417,0.161,-0.06,0.2418,0.5737,1.0137,1200,-0.022,0.509
Detection,White-breasted Nuthatch,day,0.1494,0.0913,-0.0282,0.1469,0.3241,0.9995,1200,0.0032,0.2985
Detection,White-eyed Vireo,day,0.2345,0.1965,-0.1545,0.2309,0.6171,1.0043,804,-0.0846,0.5542
Detection,Willow Flycatcher,day,0.0748,0.1901,-0.3042,0.0796,0.4539,1.0014,1200,-0.2385,0.3868
Detection,Wild Turkey,day,0.1169,0.1791,-0.2328,0.1168,0.4706,1.0033,1200,-0.1688,0.4136
Detection,Winter Wren,day,0.1113,0.1891,-0.2744,0.1163,0.4693,1.0044,1816,-0.2204,0.417
Detection,Wood Duck,day,0.1783,0.1899,-0.1823,0.1819,0.559,1.0044,1200,-0.143,0.4777
Detection,Wood Thrush,day,0.185,0.1067,-0.0192,0.1869,0.3836,1.0014,1135,0.0092,0.3497
Detection,Yellow-billed Cuckoo,day,0.1826,0.1731,-0.1626,0.1919,0.5015,1.0004,1323,-0.1037,0.4578
Detection,Yellow Warbler,day,0.1546,0.1392,-0.1175,0.1574,0.4285,1.0011,1200,-0.0806,0.3871
Detection,Yellow-throated Vireo,day,0.2122,0.1698,-0.1199,0.2129,0.5537,1.0051,1617,-0.0652,0.4822
Detection,Yellow-throated Warbler,day,0.1028,0.1808,-0.2828,0.1112,0.4482,1.0062,1200,-0.206,0.3956
